DATE,TIME PERIOD,Austria,Belgium,Cyprus,Germany,Estonia,Spain,Finland,France,Greece,Croatia,Ireland,Italy,Lithuania,Luxembourg,Latvia,Malta,Netherlands,Portugal,Slovenia,Slovakia
2010-01-31,2010Jan,145669.0,254893.469,5546.0,931459.0,12.0,374322.0,49519.0,943196.0,270270.0,0.0,77515.427,1271427.018,,2000.0,,3224.184,205976.53,102264.5,12468.353,20068.094
2010-02-28,2010Feb,146781.0,258960.556,6490.0,949851.0,12.0,383281.0,49518.0,958767.0,278324.0,0.0,79608.311,1282065.375,,2000.0,,3262.164,216080.14,104210.0,12469.281,18616.318
2010-03-31,2010Mar,148439.0,254886.877,6485.0,953138.0,12.0,394371.0,53518.0,980310.0,283171.0,0.0,80863.334,1287373.679,,2000.0,,3262.164,220613.81,105806.23,12601.891,19094.718
2010-04-30,2010Apr,150939.0,258720.608,6478.0,958974.0,12.0,398341.0,55018.0,982405.0,279701.0,0.0,81518.509,1299168.421,,2000.0,,3262.164,224756.61,107664.73,12559.05,20300.218
2010-05-31,2010May,153279.0,258603.077,6459.0,976871.0,12.0,404910.0,55020.0,1001023.0,271158.0,0.0,83267.92,1316870.08,,4000.0,,3412.3,233917.28,103822.29,12560.086,20644.229
2010-06-30,2010Jun,155150.0,262295.353,6376.0,974975.0,12.0,413038.0,56520.0,1017032.0,271242.0,0.0,84747.103,1309194.042,,4000.0,,3369.637,239251.28,106525.92,12562.686,
2010-07-31,2010Jul,156510.0,269936.718,6358.0,975341.0,12.0,410429.0,56520.0,1011101.0,271235.0,0.0,86578.149,1331892.376,,4000.0,,3368.368,231775.76,108108.66,12558.064,
2010-08-31,2010Aug,157465.0,273496.267,6357.0,988787.0,12.0,413929.0,56495.0,1008417.0,271235.0,0.0,88110.659,1334100.779,,4000.0,,3547.613,231893.64,110872.06,12559.023,
2010-09-30,2010Sep,159517.0,260804.461,6341.0,989903.0,12.0,421240.0,55486.0,1014027.0,270505.0,0.0,89609.196,1332432.339,,4000.0,,3547.613,234693.34,113832.97,12560.286,21352.547
2010-10-31,2010Oct,161057.0,264022.194,6340.0,991248.0,12.0,429483.0,55106.0,1017455.0,270536.0,0.0,89580.51,1355497.185,,4000.0,,3547.613,237508.34,113832.97,12559.007,23627.047
2010-11-30,2010Nov,162157.0,264034.418,7340.0,1071642.0,12.0,436524.0,56606.0,1034500.0,270508.0,0.0,89882.415,1355828.29,,4000.0,,3611.457,240481.54,116348.37,12559.663,23748.047
2010-12-31,2010Dec,162157.0,265943.518,7339.0,1060566.0,12.0,441543.0,56606.0,1038996.0,272731.0,0.0,90102.309,1347341.604,,4000.0,,3611.457,240481.16,120647.31,12560.804,23645.515
2011-01-31,2011Jan,157889.0,268787.831,7275.0,1063296.0,12.0,452383.0,58106.0,1043287.0,279025.0,0.0,90084.629,1372694.29,,4000.0,1502.134,3611.457,232606.16,122195.8,13723.609,23595.147
2011-02-28,2011Feb,159564.0,271782.831,6907.0,1068321.0,12.0,464372.0,56433.0,1063097.0,279375.0,0.0,89992.634,1372491.597,,4000.0,1527.324,3718.065,234376.07,125530.78,13686.004,24939.247
2011-03-31,2011Mar,160918.0,268920.241,6932.0,1073796.0,12.0,478317.0,56433.0,1081852.0,270753.0,0.0,89807.103,1362294.774,,4000.0,1530.655,3718.065,244120.06,126321.78,15187.231,24932.978
2011-04-30,2011Apr,162423.0,272751.037,6931.0,1095445.0,12.0,470924.0,57933.0,1081859.0,269254.0,0.0,89589.667,1383818.408,,4000.0,1546.595,3718.065,248471.06,123849.78,14738.597,24900.81
2011-05-31,2011May,163743.0,276985.637,6930.0,1113603.0,12.0,478833.0,57941.0,1102673.0,262851.0,0.0,89580.672,1390029.818,,4000.0,1560.254,3919.89,251739.97,123818.62,14689.567,25132.71
2011-06-30,2011Jun,165503.0,277204.684,7007.0,1114155.0,12.0,486722.0,59441.0,1121472.0,262842.0,0.0,89625.672,1396267.407,,4000.0,1560.694,3923.215,260432.89,118920.05,14691.727,25467.11
2011-07-31,2011Jul,167184.0,279951.737,7722.0,1109228.0,12.0,479061.0,59441.0,1108162.0,262702.0,0.0,89683.627,1414620.582,,4000.0,1602.763,3923.215,250951.74,118870.65,14693.662,25507.928
2011-08-31,2011Aug,167184.0,282562.537,7744.0,1131372.0,12.0,483166.0,59441.0,1102968.0,256957.0,0.0,89778.857,1404390.715,,4000.0,1625.546,3923.215,251365.74,118870.65,14694.39,25609.528
2011-09-30,2011Sep,168769.0,273758.449,7743.0,1132692.0,12.0,490878.0,62441.0,1105729.0,256767.0,0.0,89588.627,1378022.408,,4000.0,1646.694,3888.274,256364.76,118870.65,14694.707,25857.029
2011-10-31,2011Oct,169869.0,274129.549,7742.0,1139156.0,12.0,488502.0,62441.0,1107758.0,256761.0,0.0,89680.627,1396545.435,,4000.0,1657.913,3888.274,261103.76,118820.65,14749.911,26083.301
2011-11-30,2011Nov,171145.0,275730.624,7742.0,1173238.0,12.0,498113.0,63941.0,1124852.0,256898.0,0.0,85283.632,1394795.773,,4000.0,1518.842,4056.262,265527.65,118820.65,14706.782,25911.301
2011-12-31,2011Dec,171005.0,284408.011,7742.0,1172272.0,12.0,512020.0,63941.0,1127523.0,256500.0,0.0,85309.632,1406803.278,,4000.0,1515.368,4054.171,265527.48,118820.65,15614.666,25892.451
2012-01-31,2012Jan,177475.0,289295.865,7281.0,1171877.0,12.0,528825.0,63941.0,1131326.0,256446.0,0.0,85318.332,1426941.48,,4000.0,,4054.171,256590.42,118380.2,15538.806,26688.047
2012-02-29,2012Feb,177605.0,290277.065,6724.0,1186811.0,12.0,543375.0,66941.0,1150332.0,257633.0,0.0,85337.032,1411277.7,,4000.0,,4328.874,266778.33,117745.2,14539.632,27039.547
2012-03-31,2012Mar,178705.0,290457.681,6724.0,1183477.0,12.0,551730.0,67541.0,1168082.0,131459.0,0.0,79650.632,1409646.9,,5000.0,,4328.874,273509.23,117688.95,14539.654,27345.206
2012-04-30,2012Apr,180025.0,294586.682,6723.0,1183341.0,12.0,544311.0,67541.0,1166823.0,124081.0,0.0,83142.44,1399485.55,,5000.0,,4328.874,278447.43,118197.4,14540.468,27934.305
2012-05-31,2012May,180985.0,297700.202,6722.0,1198094.0,12.0,549781.0,68541.0,1185278.0,119727.0,0.0,83131.24,1414970.69,,5000.0,,4248.51,284563.31,117983.54,14543.747,27164.488
2012-06-30,2012Jun,182085.0,300383.527,8609.0,1199370.0,12.0,554616.0,68541.0,1201557.0,119384.0,0.0,83131.44,1432944.46,,5000.0,,4428.201,288309.06,109523.28,14544.287,27530.07
2012-07-31,2012Jul,176906.0,300517.327,8609.0,1199211.0,12.0,547685.0,70041.0,1194760.0,119346.0,0.0,83109.94,1431014.99,,5000.0,,4428.201,284908.47,109395.78,14544.804,27748.57
2012-08-31,2012Aug,176906.0,304763.327,8607.0,1204249.0,12.0,551229.0,70041.0,1192968.0,118246.0,0.0,87295.458,1429735.03,,5000.0,,4428.201,284908.47,109354.42,14544.883,28267.87
2012-09-30,2012Sep,178116.0,298713.842,8607.0,1199025.0,12.0,565062.0,68008.0,1196409.0,118045.0,0.0,88506.458,1440010.59,,5000.0,,4216.979,288891.42,111013.11,14545.399,28499.87
2012-10-31,2012Oct,179440.0,298989.495,8606.0,1197140.0,12.0,559813.0,69509.0,1195576.0,118050.0,0.0,88259.411,1458249.8,,5000.0,,4216.979,291740.26,111858.27,14545.672,28688.77
2012-11-30,2012Nov,194802.0,306386.052,8606.0,1183581.0,12.0,625021.0,69509.0,1212892.0,118062.0,0.0,88295.411,1463695.7,,5000.0,,4356.966,294561.761,113187.66,14485.022,29744.435
2012-12-31,2012Dec,195952.0,298295.965,8604.0,1169420.0,12.0,634797.0,69509.0,1210516.0,85675.0,0.0,87853.011,1444412.79,4986.953,5000.0,,4351.639,293000.761,111536.92,14485.539,29611.297
2013-01-31,2013Jan,197052.0,302497.918,8594.0,1150737.0,12.0,647222.0,69509.0,1208006.0,85635.0,0.0,90290.484,1472518.1,5036.443,5000.0,,4351.639,285893.602,115332.79,14487.708,29762.622
2013-02-28,2013Feb,198102.0,305753.94,8594.0,1161508.0,12.0,654974.0,70509.0,1225960.0,85196.0,0.0,115401.687,1469670.03,5364.223,5000.0,,4344.389,288578.602,115319.47,14439.432,33194.601
2013-03-31,2013Mar,199752.0,296655.222,8592.0,1151503.0,12.0,673042.0,70509.0,1241426.0,84943.0,0.0,120082.926,1486820.1,4699.473,5750.0,,4544.011,299099.125,116829.61,14442.681,32204.094
2013-04-30,2013Apr,204252.0,296597.865,8590.0,1137310.0,12.0,669647.0,74509.0,1240059.0,84502.0,0.0,115522.103,1492795.01,4722.124,5750.0,,4544.011,303646.016,116779.1,15552.134,33213.875
2013-05-31,2013May,205572.0,307930.289,8589.0,1152289.0,12.0,705578.0,74509.0,1258466.0,78923.0,0.0,115441.336,1517991.67,4765.567,5750.0,,4601.444,307680.016,121440.75,15043.44,33988.194
2013-06-30,2013Jun,207002.0,311289.889,7174.0,1145005.0,12.0,708604.0,76009.0,1273006.0,78878.0,0.0,115464.943,1522117.57,4784.469,5750.0,,4601.444,316835.24,122837.5,14647.198,34019.194
2013-07-31,2013Jul,209727.0,311754.051,7225.0,1137465.0,12.0,710988.0,70009.0,1255364.0,78795.0,0.0,114883.363,1523148.0,4807.706,7750.0,,4601.444,305076.24,123166.3,14647.475,33738.211
2013-08-31,2013Aug,210509.0,318805.645,7225.0,1151121.0,12.0,704787.0,69980.0,1254161.0,76626.0,0.0,114781.993,1510957.43,4694.754,8050.0,,4571.444,305076.24,122978.15,14648.702,33596.934
2013-09-30,2013Sep,215409.0,307554.116,7225.0,1150341.0,12.0,714578.0,73980.0,1261164.0,76617.0,0.0,114853.892,1519925.72,4733.927,8050.0,,4651.144,309726.103,118345.57,14649.026,33565.001
2013-10-31,2013Oct,203282.0,310816.913,7224.0,1151485.0,12.0,703943.0,73980.0,1256983.0,76618.0,0.0,114975.554,1541275.72,4801.988,8050.0,,4430.847,311742.103,117113.9,14573.622,32563.6
2013-11-30,2013Nov,204932.0,311026.727,7224.0,1168782.0,12.0,716763.0,75481.0,1271304.0,76625.0,0.0,115086.205,1562390.86,4875.841,8050.0,,4613.233,316389.103,117454.64,16074.139,32336.362
2013-12-31,2013Dec,206593.0,310843.25,7224.0,1163577.0,12.0,715570.0,75481.0,1274317.0,76623.0,0.0,111006.768,1541164.2,4887.43,6050.0,,4610.859,316388.922,116759.25,17959.079,31764.865
2014-01-31,2014Jan,206482.0,316114.576,6984.0,1154333.0,12.0,717443.0,75231.0,1274111.0,74572.0,0.0,111988.155,1550093.36,5426.528,6050.0,,4610.859,305584.922,119894.25,17959.34,33510.853
2014-02-28,2014Feb,207736.0,320467.019,6980.0,1170692.0,12.0,716224.0,79231.0,1292357.0,74577.0,0.0,111851.955,1572963.63,5457.349,6050.0,,4610.859,310146.861,123928.89,17968.039,33502.121
2014-03-31,2014Mar,208946.0,312415.341,6980.0,1170034.0,12.0,725849.0,79581.0,1308021.0,74539.0,0.0,112897.588,1585100.17,5491.836,6050.0,,4746.322,319591.993,121946.1,17967.516,33763.521
2014-04-30,2014Apr,210177.0,315736.749,6980.0,1164558.0,12.0,711113.0,79581.0,1302681.0,77542.0,0.0,113155.077,1613618.91,5570.082,6050.0,,4801.272,323103.993,122258.68,18468.183,33255.314
2014-05-31,2014May,211808.0,317684.844,7080.0,1182497.0,12.0,726061.0,81081.0,1316602.0,68211.0,0.0,113215.762,1631322.95,5760.968,6050.0,,4801.272,325376.911,119057.4,18468.227,32454.804
2014-06-30,2014Jun,217808.0,320676.563,7747.0,1183007.0,12.0,726068.0,81081.0,1336199.0,68213.0,0.0,113206.55,1633461.49,5278.755,6050.0,,4981.272,329902.889,116765.15,18469.135,32396.758
2014-07-31,2014Jul,209402.0,323085.623,6355.0,1167120.0,0.0,719985.0,81081.0,1326844.0,69604.0,0.0,112240.223,1640250.8,5333.783,6050.0,,4742.356,319481.174,113548.07,17835.978,32396.758
2014-08-31,2014Aug,210502.0,323018.115,6358.0,1178007.0,0.0,723733.0,81081.0,1322398.0,65006.0,0.0,112143.423,1623075.49,5125.12,6050.0,,4922.461,317897.69,113304.07,17776.023,32371.008
2014-09-30,2014Sep,211712.0,312771.294,6367.0,1177771.0,0.0,732759.0,78581.0,1327188.0,66617.0,0.0,112131.816,1613684.81,5188.295,6050.0,,4922.461,323901.8,114033.91,17776.165,32563.508
2014-10-31,2014Oct,213019.0,315079.106,6370.0,1177517.0,0.0,723741.0,79581.0,1321741.0,66618.0,0.0,113069.345,1643709.19,6220.153,6350.0,,4997.461,326068.536,109157.76,17562.575,32286.406
2014-11-30,2014Nov,215119.0,317209.719,6343.0,1189766.0,0.0,726043.0,79581.0,1340355.0,66624.0,0.0,116768.25,1643833.99,6230.153,6350.0,3330.0,4903.579,328930.797,109965.52,18502.594,32600.117
2014-12-31,2014Dec,215485.0,316670.779,6349.0,1180984.0,0.0,732746.0,79581.0,1341294.0,66623.0,0.0,116339.15,1619874.68,6219.75,6350.0,3350.0,4899.575,328771.817,107625.79,18715.768,31969.461
2015-01-31,2015Jan,216585.0,321630.453,6272.0,1171697.0,0.0,734346.0,79581.0,1347041.0,66621.0,0.0,119999.937,1648475.14,6287.742,6350.0,3370.0,4899.575,322661.181,112609.71,18715.909,31662.68
2015-02-28,2015Feb,217685.0,325589.222,6222.0,1166527.0,0.0,743244.0,80564.0,1363510.0,66620.0,0.0,122138.198,1653497.94,6258.039,6350.0,3401.0,4899.575,325183.623,115503.17,18706.991,31796.78
2015-03-31,2015Mar,218785.0,312277.335,6233.0,1164148.0,0.0,752008.0,83564.0,1381751.0,66575.0,0.0,123169.464,1671882.33,6338.257,6350.0,3431.0,5067.862,333886.13,112657.48,18609.941,31965.941
2015-04-30,2015Apr,219940.0,315078.39,6214.0,1159586.0,0.0,742963.0,83564.0,1381774.0,66582.0,0.0,123213.787,1683369.73,6243.999,6350.0,3461.0,5067.862,324197.039,112084.23,18698.419,32110.641
2015-05-31,2015May,220990.0,318582.573,7225.0,1169764.0,0.0,750584.0,83562.0,1399106.0,66597.0,0.0,124002.851,1703590.87,6291.999,6350.0,3491.0,5067.862,328013.901,115515.99,18639.386,32276.741
2015-06-30,2015Jun,225979.0,322094.094,6471.0,1166707.0,0.0,763749.0,83562.0,1417098.0,66600.0,0.0,124382.339,1688367.28,6348.033,6350.0,3541.0,5087.98,332901.76,114636.51,18739.425,32429.041
2015-07-31,2015Jul,216997.0,325487.733,6502.0,1158983.0,0.0,756033.0,78562.0,1402314.0,63112.0,0.0,124526.166,1689306.26,6420.033,6350.0,3571.0,5087.98,324667.369,117679.57,19980.55,32411.491
2015-08-31,2015Aug,218157.0,325477.924,6532.0,1171008.0,0.0,765063.0,78562.0,1405706.0,59923.0,0.0,123884.027,1676085.17,6416.27,6250.0,3571.0,5089.988,324043.351,118469.03,20280.58,32411.491
2015-09-30,2015Sep,219530.0,318207.263,6513.0,1170929.0,0.0,777837.0,80962.0,1420792.0,59915.0,0.0,124937.139,1686814.16,6598.303,6250.0,4018.0,5089.988,325366.252,122802.74,20555.58,32411.491
2015-10-31,2015Oct,220883.0,321900.089,6541.0,1168349.0,0.0,773462.0,81962.0,1410050.0,59741.0,0.0,125635.989,1709692.9,8209.303,6250.0,4068.0,5123.617,328068.32,119497.29,20650.276,32554.838
2015-11-30,2015Nov,222229.0,324538.961,6125.0,1180790.0,0.0,777150.0,82963.0,1410345.0,59744.0,0.0,125448.659,1709108.91,8289.303,6250.0,4068.0,5157.813,331633.931,120446.5,20588.394,32715.838
2015-12-31,2015Dec,223334.0,324610.999,5710.0,1171058.0,0.0,781370.0,82963.0,1413373.0,59746.0,0.0,125181.289,1669173.63,8286.827,6250.0,4522.0,5025.589,331093.926,120951.66,20082.619,32491.302
2016-01-31,2016Jan,224622.0,329605.193,5952.0,1160256.0,0.0,779437.0,84465.0,1466604.0,59744.0,0.0,128107.416,1687893.26,8256.827,6250.0,4369.0,5025.589,329188.926,125426.66,20082.644,33753.402
2016-02-29,2016Feb,230425.0,329423.016,5796.0,1162305.0,0.0,786927.0,84465.0,1461342.0,59744.0,0.0,128867.265,1712104.2,7263.918,6250.0,4399.0,5225.322,326368.843,123760.24,19126.924,31542.03
2016-03-31,2016Mar,231461.0,323268.834,5763.0,1163760.0,0.0,800310.0,88465.0,1480953.0,59725.0,0.0,127393.43,1727795.42,7358.918,6250.0,4429.0,5155.439,330711.841,126529.65,20751.95,32030.454
2016-04-30,2016Apr,232544.0,326757.544,5773.0,1144886.0,0.0,783676.0,81965.0,1474155.0,59673.0,0.0,120862.598,1732742.8,7423.918,6250.0,4459.0,5235.439,319286.778,128279.65,20316.461,32506.354
2016-05-31,2016May,233637.0,332856.418,5790.0,1159203.0,0.0,792561.0,81957.0,1492432.0,59439.0,0.0,121115.323,1741612.54,7415.857,6250.0,5129.0,5235.439,321977.485,130343.92,21502.042,33121.214
2016-06-30,2016Jun,234807.0,337010.107,5779.0,1155317.0,0.0,803769.0,82957.0,1509407.0,59414.0,0.0,121111.013,1755783.26,7495.804,6250.0,5159.0,5235.439,326365.596,131516.32,21502.042,33543.959
2016-07-31,2016Jul,236014.0,340439.796,6705.0,1145878.0,0.0,800491.0,82957.0,1496759.0,56872.0,0.0,120694.659,1758764.11,7555.782,6250.0,5054.0,5236.173,315478.122,129662.19,21502.042,33528.369
2016-08-31,2016Aug,236594.0,340431.513,6758.0,1158184.0,0.0,804164.0,82957.0,1502984.0,56875.0,0.0,120657.42,1729457.02,7640.74,6250.0,5084.0,5236.963,315378.122,130649.35,21502.042,33519.895
2016-09-30,2016Sep,226479.0,331961.54,6793.0,1160664.0,0.0,810791.0,85957.0,1517077.0,56707.0,0.0,121196.194,1723542.36,8150.721,6250.0,5126.0,5236.963,318662.122,128617.15,22502.042,33787.547
2016-10-31,2016Oct,237138.0,333766.987,6770.0,1154564.0,0.0,800139.0,86958.0,1506454.0,56708.0,0.0,122218.874,1735891.2,8081.824,6250.0,5806.0,5396.196,320323.122,125550.08,22441.542,34166.793
2016-11-30,2016Nov,242115.0,336703.029,6768.0,1165821.0,0.0,805217.0,87958.0,1507407.0,56713.0,0.0,122296.804,1743998.04,8169.267,6250.0,5806.0,5209.845,321797.984,127550.24,21941.542,33484.81
2016-12-31,2016Dec,241224.0,334636.801,6475.0,1153258.0,0.0,809290.0,87958.0,1510448.0,56717.0,0.0,121840.624,1735420.06,8189.265,6250.0,5836.0,5206.454,321639.872,126993.55,21435.742,32957.532
2017-01-31,2017Jan,243238.0,340540.993,6690.0,1146529.0,0.0,805802.0,87958.0,1534721.0,56716.0,0.0,126082.029,1759368.92,8229.258,6250.0,5823.0,5206.454,313858.918,129243.31,22735.742,30949.128
2017-02-28,2017Feb,235288.0,346539.377,6605.0,1136346.0,0.0,816631.0,92458.0,1534057.0,56718.0,0.0,126752.844,1748615.27,8134.476,8250.0,6473.0,5389.324,317996.798,130200.67,22735.742,31328.843
2017-03-31,2017Mar,233118.0,339317.779,6610.0,1143352.0,0.0,829799.0,93458.0,1550165.0,56257.0,0.0,127426.98,1767633.42,8151.48,8250.0,6503.0,5389.324,318919.706,131128.18,23246.948,33548.149
2017-04-30,2017Apr,238913.0,341818.694,6514.0,1140306.0,0.0,818886.0,89958.0,1539678.0,54859.0,0.0,129501.64,1775613.25,8220.49,8250.0,6503.0,5389.324,310822.697,133479.58,22977.032,33067.467
2017-05-31,2017May,238402.0,344913.545,6517.0,1155229.0,0.0,831394.0,89958.0,1564258.0,54870.0,0.0,128882.038,1781564.17,9596.5,8250.0,6520.0,5389.324,312714.697,134650.34,24977.032,32394.599
2017-06-30,2017Jun,240024.0,335691.837,6827.0,1149564.0,0.0,841797.0,89958.0,1572486.0,54875.0,0.0,129323.638,1782649.7,9572.268,8250.0,6883.0,5389.324,315031.665,136000.4,24977.032,32756.82
2017-07-31,2017Jul,238523.0,335690.989,6830.0,1138324.0,0.0,839448.0,89958.0,1558025.0,48907.0,0.0,130201.823,1803634.37,9632.278,8250.0,6883.0,5390.421,303953.656,137131.03,24977.032,32757.152
2017-08-31,2017Aug,241253.0,338490.573,6835.0,1156569.0,0.0,843698.0,89958.0,1565102.0,50332.0,0.0,129540.747,1780678.29,9519.288,8250.0,6883.0,5392.688,303953.65,138190.49,24977.032,32757.484
2017-09-30,2017Sep,244827.0,333300.268,6822.0,1155233.0,0.0,848390.0,86958.0,1586075.0,50326.0,0.0,130219.42,1786306.58,9529.256,8250.0,6883.0,5367.688,305773.65,138302.74,25677.032,33068.706
2017-10-31,2017Oct,244822.0,336528.898,6828.0,1150669.0,0.0,842025.0,87958.0,1569000.0,50302.0,0.0,127697.621,1794026.72,9599.226,8250.0,6903.0,5367.688,311863.816,133528.99,24403.988,34287.86
2017-11-30,2017Nov,247038.0,336528.487,6837.0,1166449.0,0.0,852694.0,88953.0,1580511.0,50307.0,0.0,128383.561,1779732.27,10239.317,8250.0,6927.0,5103.835,313920.808,134778.04,24403.988,34525.611
2017-12-31,2017Dec,247017.0,336500.225,6853.0,1159546.0,0.0,860118.0,88953.0,1583083.0,50457.0,0.0,127979.16,1778527.86,10284.327,8250.0,6938.0,5093.496,313819.743,135663.94,23852.388,34525.974
2018-01-31,2018Jan,241949.0,341516.119,6771.0,1151723.0,0.0,861182.0,88953.0,1602337.0,50458.0,0.0,132047.739,1791519.67,10399.242,8250.0,6737.0,5093.496,303008.315,139558.94,25352.388,34668.002
2018-02-28,2018Feb,243341.0,341515.493,6781.0,1148219.0,0.0,878288.0,91953.0,1602054.0,53462.0,0.0,132745.262,1792856.6,9154.405,8250.0,6757.0,5093.496,302388.31,140766.33,25352.388,34840.03
2018-03-31,2018Mar,244391.0,339096.242,6789.0,1149836.0,0.0,886783.0,91953.0,1612473.0,53451.0,0.0,133263.862,1807982.1,9139.72,8250.0,6397.0,5093.496,307460.249,141819.57,25602.388,35017.934
2018-04-30,2018Apr,245520.0,343475.115,9145.0,1129397.0,0.0,878683.0,92954.0,1606786.0,53453.0,0.0,137263.294,1820156.98,9244.667,8250.0,6437.0,4971.738,297335.234,144804.57,25546.097,35207.513
2018-05-31,2018May,246651.0,340975.06,9155.0,1142254.0,0.0,888136.0,92954.0,1610966.0,53406.0,0.0,137813.611,1833802.53,9119.619,8250.0,7106.0,4971.738,299135.234,146011.57,25546.097,35330.905
2018-06-30,2018Jun,248086.0,333308.522,9156.0,1138342.0,0.0,897841.0,93940.0,1633778.0,53410.0,0.0,137450.945,1830282.57,9204.589,8250.0,7127.0,4965.196,301607.219,140369.13,25546.097,36898.219
2018-07-31,2018Jul,248406.0,337020.578,10002.0,1129555.0,0.0,893851.0,93940.0,1647835.0,51547.0,0.0,137831.416,1848190.41,9279.59,8250.0,7147.0,4802.399,291245.199,142295.17,25546.097,36895.752
2018-08-31,2018Aug,248406.0,337019.022,10009.0,1141901.0,0.0,898835.0,93940.0,1650813.0,51513.0,0.0,138057.215,1834723.29,9373.555,8250.0,7147.0,4802.399,291245.173,142234.67,25546.097,36896.161
2018-09-30,2018Sep,249170.0,341043.315,11441.0,1139759.0,0.0,910608.0,91589.0,1670252.0,51509.0,0.0,138416.201,1841227.74,9483.532,8250.0,7510.0,4732.049,294240.173,143023.17,25546.097,37100.312
2018-10-31,2018Oct,243238.0,342265.305,11262.0,1132794.0,0.0,899986.0,92589.0,1659542.0,51511.0,0.0,131912.295,1846804.57,9400.504,8250.0,7425.0,4732.049,297620.162,143619.51,25547.097,37276.75
2018-11-30,2018Nov,243535.0,345729.563,11276.0,1143133.0,48.0,908322.0,93664.0,1658961.0,51517.0,0.0,132848.915,1854174.1,9460.499,8250.0,7466.0,4732.049,298117.156,144518.51,25547.097,34725.984
2018-12-31,2018Dec,243486.0,345705.359,10791.0,1133822.0,48.0,911816.0,93664.0,1661239.0,51520.0,0.0,132218.295,1828287.39,9495.515,8250.0,7506.0,4852.749,298088.086,143730.81,25547.097,34726.423
2019-01-31,2019Jan,244750.0,351705.642,10796.0,1121251.0,48.0,914786.0,93664.0,1682271.0,51518.0,0.0,136448.892,1857951.62,9594.551,8250.0,7536.0,4852.749,284943.814,147730.81,27047.097,34970.862
2019-02-28,2019Feb,250996.0,356705.719,11800.0,1119490.0,48.0,924146.0,96664.0,1700739.0,57332.0,0.0,137404.962,1862053.06,9682.583,8250.0,8046.0,4852.749,289891.401,147812.44,25848.539,35180.259
2019-03-31,2019Mar,240926.0,348418.918,11813.0,1119665.0,48.0,936176.0,96664.0,1710443.0,59797.0,0.0,137404.962,1858228.73,9802.619,8250.0,8076.0,4891.999,289741.353,149062.44,25848.539,35254.684
2019-04-30,2019Apr,242043.0,351736.081,11798.0,1112904.0,48.0,926206.0,97664.0,1704499.0,57344.0,0.0,137329.407,1871048.56,9647.653,8250.0,8106.0,4891.999,291428.353,150094.28,25869.039,36500.709
2019-05-31,2019May,243420.0,351735.492,13054.0,1129946.0,48.0,934938.0,97664.0,1706271.0,57357.0,0.0,140567.318,1861097.92,9793.689,8250.0,8420.0,4891.999,297263.357,151322.28,25869.039,35509.903
2019-06-30,2019Jun,237502.0,355861.148,12854.0,1127666.0,48.0,948379.0,98636.0,1722772.0,57367.0,0.0,134549.806,1884329.56,11128.714,8250.0,8455.0,4878.329,297263.357,143805.34,25869.039,35776.529
2019-07-31,2019Jul,240598.0,358517.185,12491.0,1111894.0,48.0,937505.0,93636.0,1736751.0,56117.0,0.0,135504.906,1902610.59,11243.74,8250.0,8470.0,4856.879,285086.933,144907.79,26219.039,35776.968
2019-08-31,2019Aug,240497.0,358517.516,12496.0,1129223.0,48.0,942325.0,93636.0,1741834.0,56119.0,0.0,134962.906,1897473.97,11245.766,8250.0,8500.0,4856.879,285086.933,144897.42,26219.039,35777.408
2019-09-30,2019Sep,241445.0,349093.055,12505.0,1127288.0,48.0,949942.0,96636.0,1761579.0,56113.0,0.0,135567.906,1875061.27,11345.791,8250.0,8529.0,4711.89,286525.016,146061.58,26219.039,35993.434
2019-10-31,2019Oct,235216.0,349593.292,12859.0,1122425.0,48.0,936397.0,96636.0,1737572.0,55597.0,0.0,131448.984,1875174.4,11406.931,8050.0,8590.0,4714.412,287600.02,146298.58,26228.039,36248.975
2019-11-30,2019Nov,236736.0,350962.275,12865.0,1137381.0,48.0,934497.0,97681.0,1732905.0,55600.0,0.0,131078.984,1877951.58,11495.956,9750.0,8526.0,4769.412,289143.016,147254.58,26228.039,36424.901
2019-12-31,2019Dec,236275.0,350820.356,12123.0,1129104.0,48.0,937957.0,97681.0,1735513.0,55601.0,0.0,131078.984,1863557.75,11553.981,9750.0,8567.0,4769.412,289143.016,146404.53,26228.039,36288.952
2020-01-31,2020Jan,237910.0,356821.018,13806.0,1117876.0,48.0,936892.0,97581.0,1759077.0,55597.0,0.0,134670.983,1889855.77,11679.007,9750.0,8567.0,4769.412,275464.832,150404.53,26082.324,36627.593
2020-02-29,2020Feb,241460.0,362258.173,13153.0,1130916.0,48.0,948230.0,100581.0,1770449.0,58101.0,0.0,134205.783,1895748.74,11835.031,9750.0,8587.0,4869.412,276608.832,151872.57,26082.324,36905.205
2020-03-31,2020Mar,243822.0,365443.416,13158.0,1127231.0,48.0,973084.0,102996.0,1789825.0,58088.0,0.0,134155.783,1873717.71,11640.057,9750.0,8666.0,4869.412,282601.21,153014.54,27282.324,36954.006
2020-04-30,2020Apr,253607.0,376666.015,14901.0,1116590.0,48.0,971544.0,99872.0,1789053.0,60089.0,0.0,129555.619,1900790.38,12038.015,12250.0,10509.0,5011.085,286080.21,159221.52,30123.824,36276.562
2020-05-31,2020May,255976.0,380007.689,14897.0,1151916.0,48.0,988500.0,103147.0,1798601.0,60096.0,0.0,130375.619,1933840.81,13998.048,10250.0,10612.0,5311.085,293782.21,160979.76,30863.824,41004.803
2020-06-30,2020Jun,259156.0,384023.872,14885.0,1172030.0,1548.0,1016165.0,106147.0,1831450.0,61734.0,0.0,138337.369,1954260.62,14245.081,10250.0,10543.0,5258.247,298969.205,154615.67,31390.824,41964.23
2020-07-31,2020Jul,248378.0,386845.053,15840.0,1181047.0,1548.0,1013501.0,106147.0,1837534.0,61732.0,0.0,140680.669,1988517.45,16320.097,10250.0,10604.0,5444.207,288404.59,160104.44,31484.384,41964.672
2020-08-31,2020Aug,249728.0,388944.737,15844.0,1216225.0,1548.0,1018828.0,106147.0,1852753.0,61737.0,0.0,140164.169,2006370.98,16510.122,10250.0,10624.0,5444.207,288404.59,161593.6,31534.384,41965.113
2020-09-30,2020Sep,250961.0,372013.681,15846.0,1217047.0,1548.0,1027755.0,103146.0,1873175.0,64232.0,0.0,141814.633,2013234.52,16700.154,11750.0,10664.0,5505.722,296615.314,162304.6,31754.384,42577.941
2020-10-31,2020Oct,253560.0,374322.372,15846.0,1213613.0,1548.0,1016176.0,104146.0,1859004.0,66226.0,0.0,137366.786,2010930.93,16759.277,11750.0,10684.0,5457.872,298915.314,163304.6,32553.404,43056.382
2020-11-30,2020Nov,254510.0,375817.044,15843.0,1225380.0,1548.0,1019911.0,105097.0,1857531.0,66227.0,0.0,139003.556,1999939.21,16924.297,11750.0,10704.0,5642.872,300554.632,163304.6,32553.404,43425.81
2020-12-31,2020Dec,256603.363,375960.467,15592.072,1361788.427,1534.168,1036592.098,104484.056,1846357.959,70245.553,25312.327,138648.746,2003795.21,16821.836,11847.432,10189.574,5768.015,300134.905,162706.764,32744.631,43360.393
2021-01-31,2021Jan,256170.089,381049.593,15545.181,1360714.75,1534.532,1036171.999,105606.379,1881181.919,71095.364,25207.946,144548.531,2033183.484,16646.262,11855.767,9216.512,5769.705,301835.24,163084.98,33553.792,43790.257
2021-02-28,2021Feb,259616.291,387798.493,16543.702,1375982.322,1534.86,1057991.271,108673.258,1886624.624,74446.341,25237.154,144533.529,2069774.726,16854.559,11850.76,9166.4,6078.179,310098.856,165513.66,34091.891,44220.673
2021-03-31,2021Mar,265155.274,390189.869,16554.046,1382383.375,1535.224,1072355.391,109775.639,1911432.274,76626.383,27186.088,145203.357,2067359.47,17059.194,14330.973,10400.109,6074.245,315119.159,167352.505,33954.617,43700.168
2021-04-30,2021Apr,274358.845,390841.495,16552.154,1386605.775,1535.576,1063906.461,104283.221,1895888.248,76695.298,27214.742,148247.245,2100805.615,17277.963,14338.946,10425.662,6089.3,321663.038,162835.813,32970.803,45696.101
2021-05-31,2021May,277680.625,393647.523,16491.29,1414016.635,1535.94,1077528.288,107354.463,1894290.55,79882.226,27198.02,149037.112,2115927.845,17048.645,14347.185,10441.064,6371.245,325898.061,163631.735,33013.815,46195.309
2021-06-30,2021Jun,278397.565,398202.954,16438.012,1423535.577,1534.03,1100024.387,108844.056,1920067.537,82480.999,27152.451,151158.44,2123571.615,17215.239,14355.158,10475.223,6380.366,331365.648,164934.695,33053.75,46781.318
2021-07-31,2021Jul,281079.681,402937.585,16393.385,1418282.997,1534.394,1084442.75,108417.546,1944873.421,82596.238,27483.881,152513.756,2154921.66,18094.661,14320.896,11034.615,6441.826,316887.256,165566.694,34052.036,46842.995
2021-08-31,2021Aug,283257.878,404121.59,16360.407,1435054.956,1534.758,1089940.858,111596.822,1962910.201,82705.56,27525.562,152284.048,2146269.339,18012.1,14320.885,11069.0,6285.75,317243.337,164619.07,34049.731,46888.673
2021-09-30,2021Sep,274907.379,391527.098,16356.871,1431052.539,1535.11,1106584.415,112384.788,1984032.751,84921.083,27580.374,153930.849,2116832.098,18285.924,14328.858,11129.846,6503.993,326731.039,164432.617,34035.429,47281.521
2021-10-31,2021Oct,276693.295,392846.696,16380.36,1436469.769,1535.474,1091085.832,113404.307,1959951.58,85062.218,27643.087,155552.686,2128788.818,18390.116,14337.096,11228.102,6509.467,332456.87,163550.661,33372.067,48518.159
2021-11-30,2021Nov,277134.102,396606.582,16384.051,1454282.66,1535.826,1101383.827,114440.742,1978151.492,85270.329,27676.696,155847.782,2112146.943,18560.454,14345.069,11350.02,6777.811,336621.171,163259.027,33334.939,48835.351
2021-12-31,2021Dec,280640.095,397738.623,15821.492,1449779.229,1535.796,1100692.288,114422.687,1981570.78,85219.978,27704.171,156987.823,2108036.137,18675.778,14353.308,12038.559,6783.766,339096.174,163000.34,33524.973,48903.468
2022-01-31,2022Jan,286594.259,401519.754,16780.45,1444400.118,1536.16,1098192.433,115531.623,2007322.847,87324.633,27582.69,160145.841,2132858.54,18790.767,14361.547,11892.404,6782.73,327226.004,165056.716,35205.562,49202.459
2022-02-28,2022Feb,287656.322,405298.855,16783.846,1461664.073,1536.488,1114130.087,118588.884,2025802.061,87293.81,27708.204,160313.718,2155931.661,18908.82,14356.488,11909.817,7094.015,333469.005,165902.521,36299.418,49378.454
2022-03-31,2022Mar,293383.565,392258.954,16813.357,1472203.005,1536.852,1132676.915,119668.309,2052749.688,87065.393,27653.978,152891.845,2175566.453,18704.944,13324.725,11531.138,7022.067,338471.483,166795.639,34746.665,49760.006
2022-04-30,2022Apr,288732.915,397821.624,16800.875,1469510.273,1537.204,1127020.688,114919.475,2028994.029,87146.417,28954.771,153374.194,2168103.622,18943.247,13330.818,11884.366,7025.589,341291.302,168352.439,34800.164,50579.025
2022-05-31,2022May,295623.887,402023.989,15741.437,1490042.371,1537.568,1145617.152,115994.231,2064192.426,89360.063,27695.496,152391.891,2192087.055,18925.5,15810.859,12379.798,6874.535,345707.785,169554.619,35133.695,51047.688
2022-06-30,2022Jun,296291.069,407670.338,15741.609,1502102.011,1535.658,1167423.208,119731.046,2093595.889,89842.686,27653.032,153451.014,2202264.523,19668.114,15820.302,12459.881,6883.588,350980.005,170471.845,35090.941,51565.309
2022-07-31,2022Jul,297268.193,412381.614,15175.608,1495212.368,1536.022,1174481.285,119282.543,2098643.801,91459.265,27831.012,153702.573,2213261.178,19846.153,15787.559,12470.353,7142.609,337484.227,170652.855,35131.5,51631.499
2022-08-31,2022Aug,298531.306,415415.224,15175.278,1510753.453,1536.386,1184063.46,122363.059,2110077.545,88548.231,27863.671,153896.564,2207687.226,20012.219,15789.066,12590.764,7071.949,337842.354,169752.908,35181.779,51681.688
2022-09-30,2022Sep,296946.27,405293.687,15138.166,1501505.88,1536.738,1201883.2,118578.154,2135639.644,88746.341,27910.213,154802.504,2178757.391,19650.103,15798.509,12616.039,7063.986,342785.78,170845.505,35619.668,52176.959
2022-10-31,2022Oct,301701.688,408738.738,15148.692,1561152.427,2537.334,1191354.536,119860.598,2119393.992,87575.641,27964.379,149925.841,2205669.13,20933.339,15808.266,13423.168,7623.284,345611.185,161909.337,35966.512,53422.299
2022-11-30,2022Nov,292863.598,409779.552,15136.936,1584320.702,2540.989,1202662.884,121391.8,2135012.823,89186.209,27989.718,149609.028,2214033.22,21152.227,15817.709,13450.403,7712.778,348812.259,162154.573,36267.996,53923.035
2022-12-31,2022Dec,294012.599,411166.196,14535.318,1579394.632,2544.372,1207792.477,121481.37,2151408.338,89381.61,28008.647,149221.949,2214866.425,21173.05,15827.466,13464.343,7723.78,350953.934,159648.207,36260.738,53903.662
2023-01-31,2023Jan,301507.289,417496.934,14288.023,1599851.535,2548.149,1198011.195,122957.375,2180596.446,87575.632,27925.672,152865.547,2224074.636,21352.909,15837.224,14214.91,7724.883,339455.927,161666.911,37714.595,54345.102
2023-02-28,2023Feb,305845.824,421577.695,14277.942,1607675.307,2551.56,1231236.078,125995.095,2203643.127,87176.998,27952.733,152211.617,2254926.661,21462.768,15833.537,14338.131,8065.141,345679.129,166240.935,37890.42,55425.616
2023-03-31,2023Mar,311301.032,424607.604,14303.082,1630986.481,2555.337,1239048.098,128862.142,2211602.377,86928.707,29744.123,145462.886,2257746.419,21737.685,18804.286,14575.093,8298.42,351777.012,165602.226,36718.752,55900.994
2023-04-30,2023Apr,312947.912,429878.01,15288.913,1622116.099,2558.992,1223448.118,124999.624,2222650.657,89760.814,29766.155,145675.61,2286668.236,21097.96,18821.654,13790.823,8302.868,359532.323,165168.519,36815.973,56631.817
2023-05-31,2023May,317407.221,433531.727,15258.953,1634184.83,2562.769,1233282.89,129390.956,2204441.0,90386.594,29799.418,144458.96,2277349.924,21204.804,18800.539,13732.527,7920.385,361738.743,165456.398,36868.125,57165.212
2023-06-30,2023Jun,319122.551,424534.641,15264.924,1650511.131,3077.404,1260285.039,131315.453,2237268.995,90504.172,31251.27,145445.846,2311546.087,22354.744,18817.907,13775.445,7930.904,365702.794,165893.695,36924.825,59628.383
2023-07-31,2023Jul,309709.167,428331.89,14249.678,1670982.601,3082.742,1246274.597,130893.132,2241951.199,92848.932,31215.9,145624.83,2327415.971,22454.258,16790.869,14561.469,8250.757,350032.393,166803.751,36963.8,59721.397
2023-08-31,2023Aug,310914.277,433137.479,14270.421,1673405.248,3088.08,1255286.192,134272.149,2263057.421,93081.836,31259.437,145813.269,2306087.896,22035.897,16796.896,14612.956,8256.035,350401.763,167092.162,36954.067,59798.411
2023-09-30,2023Sep,311139.32,435016.768,13947.516,1686376.848,3093.246,1272120.436,129768.624,2281266.428,93476.493,31316.505,147504.781,2303588.407,22234.627,16810.713,14638.344,8544.856,355203.316,168209.669,37039.654,60684.849
2023-10-31,2023Oct,308169.173,429892.448,13973.027,1690005.553,3038.583,1263037.187,131394.066,2263756.017,94113.316,31381.549,147579.828,2321887.707,22336.741,16824.99,14712.312,8890.923,362486.298,158844.657,37099.469,60904.65
2023-11-30,2023Nov,310653.545,431003.554,13928.6,1712827.864,3043.749,1269856.737,132449.076,2278487.712,94544.745,31184.215,147763.101,2311131.078,22459.528,16838.807,15133.097,8733.339,362850.741,159064.336,37094.983,59992.293
2023-12-31,2023Dec,312178.063,432228.237,13934.105,1706878.765,3048.693,1284206.872,132662.15,2284284.432,94753.262,31216.111,147922.819,2316421.985,22704.394,16853.084,15207.316,8749.63,363224.081,156793.877,37147.311,59667.84
2024-01-31,2024Jan,322010.819,438078.114,13922.16,1706874.644,4047.099,1295412.673,135783.046,2315128.72,94224.714,31146.104,151100.679,2315722.518,22205.713,16867.362,15302.189,8749.775,348523.308,161224.443,38548.396,61023.811
2024-02-29,2024Feb,324923.756,441914.376,13905.874,1719371.521,4054.74,1315805.95,137813.272,2313045.701,98452.242,31187.044,151063.44,2336970.097,23884.155,16868.218,15434.133,9140.769,356799.377,159048.406,38858.627,62908.903
2024-03-31,2024Mar,327758.491,445127.323,13925.994,1723840.167,4062.907,1332160.714,139460.178,2321946.226,97178.869,32566.006,142621.651,2353931.128,24116.167,18020.597,15678.923,8890.436,360606.105,160292.01,39199.315,66618.414
2024-04-30,2024Apr,332045.286,452642.564,13869.813,1730990.44,4070.812,1323177.493,140010.29,2344176.481,95651.036,32599.147,143792.656,2355130.464,23722.821,18037.394,14648.909,8897.296,365315.783,161274.84,39263.091,67301.299
2024-05-31,2024May,339030.183,454939.61,13830.489,1733484.414,4078.979,1317415.646,141646.181,2334793.006,99084.258,32633.558,144053.327,2376374.209,23944.466,18015.583,14827.682,8957.22,369946.849,165478.766,39337.247,68073.849
2024-06-30,2024Jun,342862.209,442143.303,13818.89,1742302.117,4084.614,1342947.476,143674.396,2363600.042,98893.188,32540.023,144173.289,2406987.659,23094.484,18032.381,14850.577,8904.342,370755.503,165705.023,39393.687,67131.161
2024-07-31,2024Jul,332928.778,446454.412,13839.569,1762060.062,4092.782,1332082.261,143283.552,2373539.056,99125.826,33098.572,144174.861,2415400.978,24288.837,18049.738,14837.711,8703.842,355307.001,165812.288,39409.586,67255.001
2024-08-31,2024Aug,333551.126,447692.663,13859.647,1764261.724,4100.95,1342868.192,147430.562,2401744.726,99367.841,33147.485,144366.015,2417505.673,24204.006,18058.823,14861.375,9090.117,355745.913,166043.737,39412.655,67362.797
2024-09-30,2024Sep,343943.798,450729.267,13845.073,1769235.921,4309.107,1357956.187,144952.205,2429513.702,99777.858,33209.871,145545.623,2415844.709,24405.36,18075.621,15494.426,9083.668,358456.038,165960.349,38004.538,68028.93
2024-10-31,2024Oct,335214.632,441048.263,13861.661,1773377.283,4257.671,1346856.462,147001.799,2442067.524,100275.566,33280.41,145478.866,2434924.567,24492.093,19337.637,15517.181,9298.032,361165.447,165071.885,38795.537,68259.179
2024-11-30,2024Nov,336904.505,444342.794,13831.503,1790445.92,4266.118,1342874.477,148017.467,2420909.494,100762.053,32846.651,145485.809,2445298.452,24483.579,19357.181,15541.731,9266.708,363897.276,166547.492,38797.131,68179.503
2024-12-31,2024Dec,339605.23,445598.101,12832.204,1783363.453,4274.452,1336662.302,148452.063,2421504.99,100979.14,32881.811,145637.695,2428449.697,24664.2,19377.378,15592.076,9278.467,363801.832,165537.381,38851.723,68312.188
2025-01-31,2025Jan,340598.099,451401.922,12819.761,1811983.439,4250.591,1349590.724,151632.082,2463916.399,104199.561,32833.497,148817.704,2451868.08,26837.873,19397.574,15196.808,9276.808,364812.127,167896.879,39680.597,69145.988
2025-02-28,2025Feb,351544.464,453539.926,12803.494,1795947.111,4258.475,1366626.791,153711.124,2486542.098,101941.944,34873.166,148763.893,2485478.814,27088.299,19403.281,15254.637,9725.092,367665.631,169898.829,39732.254,72748.005
2025-03-31,2025Mar,355376.637,457775.074,12821.93,1807926.006,4267.203,1388985.743,155422.425,2473946.504,103291.153,33695.223,137609.436,2471097.094,27284.143,19276.29,15314.607,9716.939,374022.551,171118.416,39859.717,73217.314
2025-04-30,2025Apr,357028.46,462110.555,12766.435,1814339.254,4275.65,1386302.071,156753.134,2503489.693,103644.077,33730.015,137715.644,2492183.274,27580.537,17795.85,15454.661,9727.415,379205.333,171769.362,39940.059,74420.882
2025-05-31,2025May,359292.291,468840.389,12756.618,1841778.982,4284.378,1380736.335,162468.889,2487357.985,103896.779,33766.81,138172.164,2482171.257,26836.527,17777.22,16568.01,9791.843,384193.453,176455.188,40031.975,72335.838
2025-06-30,2025Jun,362462.344,450580.996,12741.273,1844927.165,4290.563,1408406.663,164577.608,2512667.56,103331.331,33675.369,138276.742,2518330.59,27098.998,17796.994,16666.407,9721.024,387515.628,178174.014,40118.526,73714.736
2025-07-31,2025Jul,362048.708,456232.332,12760.24,1873126.559,4299.291,1398948.358,157947.362,2538145.536,103165.967,33831.637,138407.408,2522891.065,27247.614,17817.427,16749.345,10022.679,368871.067,179196.428,39292.638,73864.671
