Month,optimal_sub,EL_sen_optimal,EL_jun_optimal,EL_sen_30,EL_jun_30,EL_pool,EL_germany,safe_asset_multiplier_optimal,safe_asset_multiplier_30,PoolLoss_p99,EL_sen_00,EL_sen_10,EL_sen_20,EL_sen_40,EL_sen_50,EL_sen_60,EL_sen_70
2010-01-31,0.660000,0.004909,0.245043,0.093419,0.326682,0.163398,0.129357,1.251727,2.577086,0.732196,0.163398,0.139976,0.119290,0.061582,0.033944,0.011560,0.001226
2010-02-28,0.710000,0.003919,0.251068,0.112090,0.336439,0.179395,0.137761,1.067650,2.577086,0.732196,0.179395,0.154718,0.135568,0.080855,0.050889,0.016697,0.005468
2010-03-31,0.720000,0.003417,0.273589,0.134257,0.346536,0.197941,0.362786,1.030834,2.577086,0.747018,0.197941,0.173037,0.155070,0.106672,0.068058,0.017262,0.006494
2010-04-30,0.720000,0.003440,0.273815,0.134445,0.346662,0.198110,0.396414,1.030834,2.577086,0.747018,0.198110,0.173250,0.155262,0.106861,0.068247,0.017486,0.006562
2010-05-31,0.720000,0.003440,0.273078,0.134049,0.345817,0.197580,0.409370,1.005692,2.514230,0.746944,0.197580,0.172902,0.154859,0.106507,0.067955,0.017315,0.006523
2010-06-30,0.720000,0.003512,0.274333,0.134741,0.347282,0.198503,0.407975,1.001086,2.502715,0.746940,0.198503,0.173754,0.155631,0.107100,0.068408,0.017554,0.006632
2010-07-31,0.720000,0.003906,0.273780,0.134677,0.346472,0.198215,0.416503,1.001103,2.502759,0.746940,0.198215,0.173469,0.155416,0.107233,0.068819,0.017690,0.006969
2010-08-31,0.720000,0.003550,0.272783,0.133909,0.345538,0.197398,0.410922,1.001066,2.502664,0.746940,0.197398,0.172696,0.154658,0.106458,0.068032,0.017404,0.006629
2010-09-30,0.720000,0.003429,0.273846,0.134418,0.346788,0.198129,0.399293,1.005692,2.514230,0.746944,0.198129,0.173330,0.155257,0.106824,0.068199,0.017526,0.006562
2010-10-31,0.710000,0.004908,0.277756,0.134846,0.347460,0.198630,0.311038,1.041610,2.514230,0.746944,0.198630,0.174018,0.155829,0.107064,0.068175,0.017286,0.006408
2010-11-30,0.710000,0.004899,0.276334,0.134158,0.345693,0.197618,0.311939,1.020310,2.462816,0.746880,0.197618,0.173216,0.155046,0.106529,0.067856,0.017435,0.006419
2010-12-31,0.710000,0.004695,0.275680,0.133643,0.345147,0.197094,0.311446,1.020310,2.462816,0.746880,0.197094,0.172706,0.154548,0.105995,0.067296,0.017013,0.006188
2011-01-31,0.710000,0.004186,0.275164,0.132937,0.345082,0.196581,0.311051,1.023348,2.470149,0.745491,0.196581,0.172169,0.153947,0.105128,0.066202,0.016747,0.005708
2011-02-28,0.710000,0.004377,0.275698,0.133313,0.345653,0.197015,0.312500,1.023348,2.470149,0.745491,0.197015,0.172583,0.154331,0.105506,0.066582,0.016820,0.005886
2011-03-31,0.660000,0.004709,0.250108,0.095059,0.333769,0.166672,0.292543,1.199787,2.470149,0.696136,0.166672,0.142246,0.120764,0.060890,0.032037,0.011485,0.001133
2011-04-30,0.630000,0.004785,0.205341,0.054679,0.309533,0.131135,0.073269,1.305650,2.470149,0.677389,0.131135,0.105392,0.080584,0.029722,0.015999,0.006767,0.000548
2011-05-31,0.640000,0.004520,0.202947,0.059026,0.300650,0.131513,0.074853,1.245463,2.421733,0.675937,0.131513,0.108370,0.082599,0.037369,0.020339,0.007225,0.000921
2011-06-30,0.640000,0.004451,0.203282,0.059169,0.300949,0.131703,0.074473,1.242876,2.416704,0.675783,0.131703,0.108717,0.082978,0.037188,0.020171,0.007133,0.000900
2011-07-31,0.640000,0.004479,0.203544,0.059481,0.300814,0.131881,0.073332,1.242876,2.416704,0.675783,0.131881,0.108925,0.083238,0.036921,0.020148,0.007125,0.000941
2011-08-31,0.640000,0.004632,0.205678,0.060404,0.303396,0.133302,0.073903,1.242876,2.416704,0.729543,0.133302,0.110279,0.084659,0.037390,0.020523,0.007271,0.001037
2011-09-30,0.640000,0.004644,0.205989,0.060793,0.303165,0.133505,0.075044,1.242876,2.416704,0.675783,0.133505,0.110457,0.084877,0.037953,0.020764,0.007356,0.000996
2011-10-31,0.640000,0.004385,0.199092,0.055583,0.300298,0.128998,0.065727,1.242876,2.416704,0.680392,0.128998,0.105400,0.079308,0.034267,0.018757,0.006724,0.001066
2011-11-30,0.640000,0.004501,0.200004,0.056542,0.300144,0.129623,0.068642,1.242876,2.416704,0.677077,0.129623,0.106067,0.080086,0.035298,0.019403,0.006947,0.001061
2011-12-31,0.640000,0.004911,0.205791,0.060398,0.303984,0.133474,0.073839,1.242876,2.416704,0.730838,0.133474,0.110210,0.084667,0.037926,0.021065,0.007552,0.001178
2012-01-31,0.650000,0.004670,0.209625,0.065402,0.307031,0.137891,0.082332,1.203675,2.407350,0.730652,0.137891,0.115116,0.090127,0.041867,0.023624,0.008422,0.001356
2012-02-29,0.650000,0.004584,0.217944,0.068766,0.317106,0.143268,0.079670,1.203675,2.407350,0.730652,0.143268,0.121087,0.096719,0.041053,0.023077,0.008204,0.001356
2012-03-31,0.650000,0.004322,0.218339,0.068203,0.318971,0.143433,0.077262,1.203675,2.407350,0.729331,0.143433,0.121288,0.096864,0.039930,0.022222,0.007959,0.001221
2012-04-30,0.650000,0.004580,0.222103,0.070662,0.321688,0.145970,0.080431,1.203675,2.407350,0.729331,0.145970,0.124259,0.100258,0.041052,0.023065,0.008224,0.001371
2012-05-31,0.640000,0.004887,0.220285,0.066926,0.319646,0.142742,0.074537,1.238066,2.407350,0.729331,0.142742,0.120531,0.095962,0.038400,0.021274,0.007548,0.001183
2012-06-30,0.640000,0.004759,0.214364,0.063686,0.314421,0.138907,0.071241,1.238066,2.407350,0.729331,0.138907,0.116357,0.091387,0.037006,0.020449,0.007319,0.001172
2012-07-31,0.650000,0.004543,0.215891,0.067784,0.314901,0.141919,0.080557,1.203675,2.407350,0.729331,0.141919,0.119689,0.095134,0.041047,0.023062,0.008202,0.001338
2012-08-31,0.650000,0.004708,0.214215,0.067471,0.312194,0.140888,0.081508,1.203675,2.407350,0.729331,0.140888,0.118556,0.093884,0.041824,0.023577,0.008411,0.001420
2012-09-30,0.650000,0.004539,0.212283,0.066384,0.310346,0.139572,0.081445,1.203675,2.407350,0.729331,0.139572,0.117078,0.092199,0.041510,0.023292,0.008174,0.001344
2012-10-31,0.650000,0.004772,0.211075,0.066090,0.308685,0.138869,0.082078,1.203675,2.407350,0.729331,0.138869,0.116390,0.091490,0.041731,0.023650,0.008459,0.001462
2012-11-30,0.650000,0.004678,0.208603,0.064784,0.306270,0.137230,0.081698,1.203675,2.407350,0.729331,0.137230,0.114499,0.089376,0.041466,0.023452,0.008382,0.001402
2012-12-31,0.650000,0.004720,0.208264,0.064774,0.305606,0.137024,0.081762,1.203675,2.407350,0.729331,0.137024,0.114372,0.089314,0.041503,0.023541,0.008425,0.001425
2013-01-31,0.650000,0.004824,0.209169,0.064998,0.307166,0.137648,0.081952,1.194456,2.388912,0.729179,0.137648,0.114881,0.089713,0.041596,0.023704,0.008559,0.001476
2013-02-28,0.650000,0.004809,0.209248,0.064848,0.307669,0.137694,0.080050,1.217690,2.435381,0.729577,0.137694,0.114917,0.089919,0.041061,0.023418,0.008431,0.001467
2013-03-31,0.650000,0.004869,0.209007,0.064690,0.307587,0.137559,0.079417,1.217690,2.435381,0.729577,0.137559,0.114773,0.089751,0.040930,0.023359,0.008456,0.001518
2013-04-30,0.660000,0.004361,0.211707,0.067639,0.312873,0.141209,0.079290,1.205330,2.481562,0.729957,0.141209,0.118651,0.093988,0.041764,0.024048,0.008714,0.001703
2013-05-31,0.660000,0.004544,0.216092,0.070511,0.316026,0.144166,0.081571,1.205330,2.481562,0.729957,0.144166,0.121886,0.097568,0.043143,0.024937,0.008963,0.001801
2013-06-30,0.660000,0.004737,0.220373,0.073197,0.319397,0.147057,0.083916,1.205330,2.481562,0.729957,0.147057,0.124908,0.100808,0.044684,0.025939,0.009384,0.001867
2013-07-31,0.660000,0.004930,0.217075,0.071734,0.315773,0.144946,0.083219,1.205330,2.481562,0.729957,0.144946,0.122753,0.098584,0.044489,0.026062,0.009457,0.002014
2013-08-31,0.660000,0.004999,0.218597,0.072630,0.317110,0.145974,0.084930,1.205330,2.481562,0.729957,0.145974,0.123745,0.099564,0.045228,0.026523,0.009585,0.002045
2013-09-30,0.660000,0.004980,0.217271,0.071911,0.315847,0.145092,0.084423,1.205330,2.481562,0.729957,0.145092,0.122809,0.098560,0.045028,0.026407,0.009571,0.002032
2013-10-31,0.650000,0.004568,0.204935,0.060247,0.308779,0.134807,0.067565,1.240781,2.481562,0.729957,0.134807,0.111382,0.085789,0.036635,0.020678,0.007576,0.001540
2013-11-30,0.650000,0.004453,0.203160,0.059252,0.307122,0.133613,0.066361,1.240781,2.481562,0.729957,0.133613,0.110199,0.084657,0.035842,0.020123,0.007403,0.001493
2013-12-31,0.650000,0.004464,0.201837,0.058502,0.306019,0.132757,0.065727,1.240781,2.481562,0.729957,0.132757,0.109206,0.083511,0.035798,0.020096,0.007459,0.001480
2014-01-31,0.640000,0.004874,0.203632,0.057542,0.305999,0.132079,0.063255,1.261583,2.453078,0.729817,0.132079,0.108351,0.082441,0.034508,0.019180,0.007065,0.001418
2014-02-28,0.640000,0.004859,0.203413,0.057377,0.305899,0.131933,0.062368,1.261580,2.453072,0.729816,0.131933,0.108213,0.082368,0.034247,0.018976,0.007052,0.001407
2014-03-31,0.640000,0.004678,0.203899,0.057238,0.307044,0.132179,0.061227,1.261593,2.453097,0.729816,0.132179,0.108417,0.082546,0.033525,0.018427,0.006816,0.001336
2014-04-30,0.640000,0.004822,0.203044,0.057368,0.305088,0.131684,0.062305,1.261605,2.453120,0.729816,0.131684,0.107965,0.082201,0.034255,0.018904,0.006979,0.001414
2014-05-31,0.650000,0.004384,0.203102,0.058560,0.308530,0.133551,0.063065,1.253077,2.506153,0.730243,0.133551,0.109662,0.083939,0.035114,0.019400,0.007238,0.001460
2014-06-30,0.640000,0.004536,0.206891,0.057829,0.311876,0.134043,0.056411,1.288888,2.506171,0.730243,0.134043,0.110175,0.084576,0.032366,0.017479,0.006487,0.001371
2014-07-31,0.630000,0.004942,0.210615,0.057959,0.313149,0.134516,0.054256,1.325774,2.508221,0.731543,0.134516,0.110646,0.085080,0.031780,0.017058,0.006308,0.001368
2014-08-31,0.650000,0.004481,0.208504,0.061750,0.312903,0.137096,0.064776,1.254075,2.508149,0.731543,0.137096,0.113471,0.088279,0.036030,0.019872,0.007352,0.001515
2014-09-30,0.650000,0.004671,0.212760,0.064435,0.316080,0.139929,0.067058,1.254076,2.508152,0.731544,0.139929,0.116480,0.091512,0.037314,0.020652,0.007627,0.001592
2014-10-31,0.650000,0.004465,0.212649,0.064040,0.316522,0.139785,0.067185,1.254086,2.508172,0.731544,0.139785,0.116247,0.091187,0.036940,0.020287,0.007469,0.001434
2014-11-30,0.670000,0.004521,0.216600,0.072657,0.319182,0.146614,0.078022,1.184062,2.511647,0.731565,0.146614,0.123821,0.099733,0.043944,0.025381,0.009486,0.002374
2014-12-31,0.670000,0.004898,0.220909,0.075880,0.321698,0.149625,0.082015,1.184066,2.511655,0.731565,0.149625,0.127032,0.103262,0.046058,0.026854,0.010012,0.002610
2015-01-31,0.680000,0.004390,0.222236,0.078386,0.325517,0.152525,0.083599,1.110350,2.428890,0.731036,0.152525,0.130455,0.106985,0.047134,0.028061,0.010695,0.002890
2015-02-28,0.690000,0.004259,0.224820,0.084110,0.325230,0.156446,0.096972,1.075665,2.428922,0.731035,0.156446,0.134878,0.111961,0.053227,0.032274,0.012201,0.003359
2015-03-31,0.690000,0.004335,0.225569,0.084659,0.325750,0.156986,0.097035,1.075676,2.428947,0.731035,0.156986,0.135358,0.112468,0.053781,0.032727,0.012464,0.003421
2015-04-30,0.690000,0.004403,0.224297,0.083685,0.325167,0.156130,0.094881,1.075680,2.428954,0.731035,0.156130,0.134478,0.111567,0.052718,0.032036,0.012149,0.003502
2015-05-31,0.690000,0.004975,0.226842,0.086187,0.325773,0.158063,0.099380,1.075683,2.428961,0.731035,0.158063,0.136433,0.113651,0.055526,0.034230,0.013158,0.003957
2015-06-30,0.690000,0.004634,0.226619,0.085430,0.326678,0.157804,0.097479,1.075691,2.428980,0.731035,0.157804,0.136107,0.113247,0.054421,0.033240,0.012623,0.003691
2015-07-31,0.670000,0.004288,0.213570,0.069361,0.319848,0.144507,0.069656,1.145090,2.428979,0.731036,0.144507,0.121620,0.097323,0.040044,0.023046,0.008659,0.002360
2015-08-31,0.670000,0.004927,0.222272,0.075874,0.324789,0.150548,0.078719,1.145079,2.428955,0.731036,0.150548,0.128155,0.104603,0.044608,0.026157,0.009929,0.002712
2015-09-30,0.670000,0.004405,0.220906,0.074146,0.325197,0.149461,0.076818,1.145088,2.428974,0.731036,0.149461,0.126761,0.103059,0.042865,0.024778,0.009323,0.002369
2015-10-31,0.670000,0.004332,0.220260,0.073879,0.324293,0.149004,0.076818,1.145094,2.428987,0.731036,0.149004,0.126315,0.102716,0.042645,0.024544,0.009210,0.002325
2015-11-30,0.670000,0.004361,0.221993,0.075219,0.325072,0.150175,0.080367,1.145085,2.428968,0.731035,0.150175,0.127464,0.103925,0.044049,0.025390,0.009564,0.002273
2015-12-31,0.670000,0.004268,0.222344,0.075320,0.325519,0.150379,0.080367,1.145087,2.428972,0.731035,0.150379,0.127555,0.104022,0.044091,0.025285,0.009458,0.002211
2016-01-31,0.670000,0.004192,0.220923,0.074264,0.324723,0.149401,0.080367,1.132015,2.401245,0.730931,0.149401,0.126428,0.102932,0.043425,0.024905,0.009331,0.002159
2016-02-29,0.650000,0.004849,0.220406,0.068316,0.323801,0.144961,0.066044,1.200626,2.401252,0.730931,0.144961,0.121486,0.097550,0.037106,0.020549,0.007719,0.001779
2016-03-31,0.640000,0.004950,0.219533,0.064809,0.323056,0.142283,0.057298,1.234940,2.401273,0.730930,0.142283,0.118621,0.094414,0.033588,0.018319,0.006888,0.001668
2016-04-30,0.650000,0.004733,0.217825,0.066312,0.322747,0.143243,0.057425,1.200648,2.401295,0.730931,0.143243,0.119814,0.095825,0.034529,0.018927,0.007204,0.001902
2016-05-31,0.640000,0.004842,0.219881,0.064673,0.323988,0.142467,0.053685,1.234948,2.401288,0.730932,0.142467,0.118671,0.094439,0.032772,0.017610,0.006666,0.001693
2016-06-30,0.640000,0.004805,0.220092,0.064812,0.324068,0.142589,0.053622,1.234964,2.401320,0.730931,0.142589,0.118754,0.094543,0.032687,0.017455,0.006591,0.001701
2016-07-31,0.640000,0.004740,0.219369,0.064311,0.323617,0.142102,0.052544,1.234970,2.401330,0.730931,0.142102,0.118198,0.094023,0.032193,0.017096,0.006519,0.001660
2016-08-31,0.650000,0.004963,0.220290,0.067892,0.324670,0.144925,0.058629,1.200649,2.401298,0.730931,0.144925,0.121011,0.097147,0.035572,0.019321,0.007442,0.002048
2016-09-30,0.650000,0.004797,0.219640,0.067625,0.323690,0.144445,0.059389,1.200647,2.401294,0.730931,0.144445,0.120555,0.096803,0.035561,0.019276,0.007366,0.001887
2016-10-31,0.640000,0.004672,0.219960,0.064821,0.323603,0.142456,0.055523,1.234959,2.401308,0.730930,0.142456,0.118276,0.094322,0.032904,0.017354,0.006595,0.001478
2016-11-30,0.640000,0.004568,0.220143,0.064549,0.324506,0.142536,0.054066,1.234953,2.401297,0.730930,0.142536,0.118099,0.094142,0.032367,0.016930,0.006422,0.001470
2016-12-31,0.640000,0.004787,0.220921,0.065652,0.323854,0.143113,0.056474,1.234964,2.401319,0.730930,0.143113,0.118731,0.094920,0.033511,0.017639,0.006667,0.001596
2017-01-31,0.640000,0.004726,0.217478,0.062843,0.322990,0.140887,0.054256,1.223368,2.378771,0.730885,0.140887,0.116220,0.091980,0.031540,0.016704,0.006575,0.001587
2017-02-28,0.620000,0.004932,0.216800,0.057978,0.319019,0.136290,0.048868,1.291346,2.378796,0.730883,0.136290,0.111490,0.086798,0.028013,0.014435,0.005740,0.001244
2017-03-31,0.630000,0.004863,0.221675,0.063361,0.323673,0.141454,0.052861,1.257366,2.378801,0.730883,0.141454,0.117090,0.093089,0.031440,0.016332,0.006184,0.001382
2017-04-30,0.630000,0.004617,0.218560,0.061076,0.322159,0.139401,0.050706,1.257366,2.378801,0.730884,0.139401,0.114976,0.090733,0.029773,0.015422,0.005933,0.001220
2017-05-31,0.630000,0.004829,0.221419,0.063186,0.323503,0.141281,0.052671,1.257362,2.378793,0.730884,0.141281,0.116994,0.092941,0.031256,0.016223,0.006143,0.001363
2017-06-30,0.620000,0.004779,0.217082,0.057639,0.320199,0.136407,0.048235,1.291355,2.378811,0.730884,0.136407,0.111775,0.087219,0.027842,0.014295,0.005569,0.001183
2017-07-31,0.590000,0.004935,0.211384,0.048175,0.310059,0.126740,0.042277,1.393315,2.378831,0.680302,0.126740,0.101227,0.075322,0.022490,0.011296,0.004610,0.000849
2017-08-31,0.570000,0.004627,0.186155,0.037125,0.273703,0.108098,0.033784,1.486867,2.420481,0.681502,0.108098,0.082431,0.059184,0.017616,0.008441,0.003668,0.000542
2017-09-30,0.600000,0.004719,0.203741,0.046349,0.305626,0.124132,0.045319,1.383141,2.420496,0.681503,0.124132,0.098566,0.072374,0.022888,0.011619,0.004719,0.000662
2017-10-31,0.570000,0.004930,0.200491,0.038960,0.297093,0.116400,0.031376,1.486878,2.420500,0.696546,0.116400,0.090164,0.063069,0.018650,0.008846,0.003901,0.000906
2017-11-30,0.580000,0.004915,0.203340,0.041867,0.302314,0.120001,0.032390,1.452285,2.420475,0.696546,0.120001,0.094068,0.067326,0.020213,0.009683,0.004207,0.001012
2017-12-31,0.590000,0.004640,0.199772,0.041630,0.302090,0.119768,0.033784,1.417717,2.420492,0.696546,0.119768,0.093777,0.066916,0.020675,0.010083,0.004311,0.001106
2018-01-31,0.580000,0.004846,0.201525,0.041034,0.300652,0.118919,0.031376,1.440435,2.400724,0.696493,0.118919,0.092966,0.065976,0.020123,0.009670,0.004136,0.001041
2018-02-28,0.570000,0.004998,0.200268,0.038670,0.297443,0.116302,0.029411,1.474741,2.400742,0.696493,0.116302,0.090238,0.063078,0.018931,0.009085,0.003875,0.001040
2018-03-31,0.580000,0.004755,0.199729,0.040382,0.298576,0.117840,0.030235,1.440453,2.400755,0.696492,0.117840,0.091883,0.064884,0.019953,0.009602,0.004050,0.001114
2018-04-30,0.560000,0.004845,0.197455,0.035641,0.292526,0.112706,0.026305,1.509073,2.400798,0.696494,0.112706,0.086328,0.058603,0.017413,0.008200,0.003424,0.000968
2018-05-31,0.560000,0.004700,0.199111,0.035934,0.294722,0.113570,0.023897,1.509064,2.400784,0.696494,0.113570,0.087336,0.059742,0.017155,0.007911,0.003283,0.000972
2018-06-30,0.560000,0.004677,0.194162,0.034108,0.289710,0.110789,0.024594,1.509074,2.400800,0.695777,0.110789,0.084436,0.056625,0.016722,0.007913,0.003267,0.000977
2018-07-31,0.560000,0.004724,0.192659,0.033595,0.288170,0.109967,0.024150,1.509091,2.400827,0.695779,0.109967,0.083694,0.055916,0.016520,0.007928,0.003272,0.001004
2018-08-31,0.570000,0.004807,0.194505,0.035796,0.292926,0.112935,0.025735,1.474777,2.400800,0.696497,0.112935,0.086778,0.059119,0.017993,0.008816,0.003633,0.001141
2018-09-30,0.580000,0.004704,0.193261,0.037112,0.293629,0.114067,0.028714,1.440494,2.400823,0.696496,0.114067,0.088024,0.060482,0.019161,0.009666,0.003968,0.001262
2018-10-31,0.590000,0.004581,0.194365,0.039483,0.296384,0.116554,0.030045,1.406199,2.400828,0.696495,0.116554,0.090601,0.063312,0.020592,0.010574,0.004123,0.001290
2018-11-30,0.620000,0.004745,0.202013,0.049528,0.307940,0.127051,0.037524,1.304778,2.403538,0.744683,0.127051,0.102014,0.075975,0.025698,0.013839,0.005316,0.001773
2018-12-31,0.640000,0.004655,0.198386,0.052014,0.307444,0.128643,0.042721,1.236105,2.403538,0.744683,0.128643,0.103844,0.078177,0.028207,0.015716,0.006033,0.001985
2019-01-31,0.620000,0.004987,0.202005,0.049930,0.307291,0.127138,0.039172,1.298449,2.391880,0.744595,0.127138,0.102232,0.076257,0.026426,0.014514,0.005600,0.001810
2019-02-28,0.620000,0.004993,0.203664,0.050987,0.308259,0.128169,0.039298,1.298449,2.391880,0.744595,0.128169,0.103384,0.077617,0.026699,0.014661,0.005598,0.001848
2019-03-31,0.620000,0.004807,0.201522,0.049670,0.306670,0.126770,0.038791,1.298449,2.391880,0.744595,0.126770,0.101955,0.075998,0.026102,0.014260,0.005386,0.001792
2019-04-30,0.620000,0.004950,0.202090,0.050039,0.307165,0.127177,0.038791,1.298449,2.391880,0.744595,0.127177,0.102320,0.076341,0.026484,0.014562,0.005547,0.001844
2019-05-31,0.620000,0.004994,0.202651,0.050314,0.307739,0.127541,0.038791,1.298449,2.391880,0.744595,0.127541,0.102690,0.076652,0.026663,0.014677,0.005590,0.001889
2019-06-30,0.620000,0.004939,0.201654,0.050005,0.306331,0.126903,0.038791,1.298449,2.391880,0.744595,0.126903,0.102135,0.076192,0.026512,0.014608,0.005527,0.001874
2019-07-31,0.620000,0.004934,0.201334,0.049870,0.305977,0.126702,0.038791,1.298449,2.391880,0.744595,0.126702,0.101961,0.076002,0.026441,0.014591,0.005519,0.001882
2019-08-31,0.580000,0.004859,0.200483,0.041510,0.297547,0.118321,0.028207,1.435128,2.391880,0.743825,0.118321,0.092816,0.065771,0.021252,0.010593,0.004117,0.001522
2019-09-30,0.580000,0.004693,0.200470,0.041145,0.298141,0.118244,0.026432,1.435128,2.391880,0.694819,0.118244,0.092803,0.065798,0.020586,0.010175,0.003963,0.001486
2019-10-31,0.580000,0.004722,0.195858,0.039306,0.293554,0.115581,0.026622,1.435128,2.391880,0.725535,0.115581,0.089956,0.062677,0.019792,0.010031,0.004050,0.001493
2019-11-30,0.580000,0.004577,0.193766,0.038005,0.292344,0.114306,0.025988,1.435128,2.391880,0.694819,0.114306,0.088486,0.060973,0.019258,0.009766,0.003931,0.001431
2019-12-31,0.570000,0.004934,0.196354,0.037484,0.292681,0.114043,0.025545,1.469298,2.391880,0.694819,0.114043,0.088235,0.060660,0.018622,0.009313,0.003742,0.001322
2020-01-31,0.570000,0.004687,0.197198,0.037925,0.292902,0.114418,0.023834,1.467782,2.389412,0.694353,0.114418,0.088593,0.061048,0.018724,0.008856,0.003502,0.001237
2020-02-29,0.570000,0.004521,0.197502,0.038116,0.292796,0.114520,0.023453,1.467782,2.389412,0.693533,0.114520,0.088797,0.061416,0.018403,0.008635,0.003383,0.001201
2020-03-31,0.570000,0.004859,0.197569,0.038002,0.293675,0.114704,0.025481,1.467782,2.389412,0.694353,0.114704,0.088981,0.061548,0.018574,0.009254,0.003675,0.001244
2020-04-30,0.560000,0.004839,0.194046,0.034838,0.288027,0.110795,0.023390,1.501916,2.389412,0.673748,0.110795,0.084676,0.056888,0.017012,0.008234,0.003328,0.001109
2020-05-31,0.550000,0.004985,0.195748,0.034133,0.286706,0.109905,0.022122,1.536051,2.389412,0.595617,0.109905,0.083818,0.056088,0.016417,0.007788,0.003090,0.000981
2020-06-30,0.550000,0.004618,0.191985,0.032153,0.283874,0.107670,0.020601,1.536051,2.389412,0.595617,0.107670,0.081343,0.053284,0.015477,0.007269,0.002867,0.000864
2020-07-31,0.540000,0.004773,0.191676,0.030229,0.281801,0.105700,0.019777,1.570185,2.389412,0.595617,0.105700,0.079228,0.050837,0.014609,0.006864,0.002679,0.000824
2020-08-31,0.550000,0.004746,0.197496,0.033908,0.290075,0.110758,0.021679,1.536051,2.389412,0.595617,0.110758,0.084702,0.056647,0.015913,0.007505,0.002917,0.000862
2020-09-30,0.570000,0.004518,0.199515,0.038477,0.295775,0.115666,0.024531,1.467782,2.389412,0.679503,0.115666,0.090072,0.062484,0.018537,0.008764,0.003393,0.001019
2020-10-31,0.640000,0.004693,0.202747,0.053374,0.313618,0.131447,0.041707,1.228841,2.389412,0.744522,0.131447,0.107299,0.081569,0.027776,0.015313,0.006046,0.002075
2020-11-30,0.630000,0.004975,0.200084,0.050883,0.307584,0.127894,0.040439,1.262975,2.389412,0.744522,0.127894,0.103521,0.077560,0.027174,0.014970,0.005928,0.002087
2020-12-31,0.630000,0.004689,0.199112,0.049976,0.307309,0.127176,0.038664,1.262975,2.389412,0.744522,0.127176,0.102786,0.076753,0.026310,0.014268,0.005594,0.001943
2021-01-31,0.620000,0.004996,0.200132,0.049049,0.305487,0.125980,0.038348,1.290551,2.377330,0.746072,0.125980,0.101472,0.075269,0.026235,0.014321,0.005563,0.002024
2021-02-28,0.600000,0.004892,0.201293,0.045449,0.303059,0.122732,0.031819,1.358474,2.377330,0.744388,0.122732,0.097893,0.071302,0.023628,0.012526,0.004892,0.001887
2021-03-31,0.600000,0.004887,0.195358,0.042445,0.298194,0.119169,0.032834,1.358474,2.377330,0.744388,0.119169,0.094050,0.067037,0.022907,0.012357,0.004887,0.001802
2021-04-30,0.580000,0.004532,0.188738,0.034948,0.289692,0.111371,0.026622,1.426398,2.377330,0.693518,0.111371,0.085556,0.057699,0.018524,0.009589,0.003780,0.001322
2021-05-31,0.580000,0.004425,0.184558,0.032783,0.286514,0.108902,0.026052,1.426398,2.377330,0.693518,0.108902,0.082744,0.054443,0.017772,0.009298,0.003693,0.001261
2021-06-30,0.570000,0.004626,0.186479,0.031981,0.286319,0.108282,0.024594,1.460360,2.377330,0.693518,0.108282,0.082079,0.053713,0.017035,0.008708,0.003409,0.001126
2021-07-31,0.570000,0.004920,0.189053,0.033623,0.287799,0.109876,0.026242,1.460360,2.377330,0.693518,0.109876,0.083840,0.055628,0.018004,0.009233,0.003666,0.001163
2021-08-31,0.570000,0.004628,0.185795,0.031960,0.285069,0.107893,0.024848,1.460360,2.377330,0.693518,0.107893,0.081564,0.053197,0.017038,0.008679,0.003455,0.001076
2021-09-30,0.580000,0.004791,0.195998,0.037768,0.297511,0.115691,0.027446,1.426398,2.377330,0.695202,0.115691,0.090065,0.062471,0.019772,0.010051,0.003917,0.001302
2021-10-31,0.570000,0.004688,0.180100,0.029662,0.279697,0.104672,0.025291,1.460360,2.377330,0.693518,0.104672,0.078138,0.049553,0.016342,0.008678,0.003472,0.001058
2021-11-30,0.570000,0.004696,0.182184,0.029897,0.283120,0.105864,0.025291,1.460360,2.377330,0.693518,0.105864,0.079398,0.050794,0.016379,0.008701,0.003464,0.001050
2021-12-31,0.560000,0.004930,0.184727,0.029475,0.283279,0.105616,0.025228,1.494322,2.377330,0.692658,0.105616,0.079195,0.050609,0.015990,0.008377,0.003312,0.001002
2022-01-31,0.570000,0.004599,0.185669,0.031124,0.286742,0.107809,0.025798,1.460386,2.377372,0.692596,0.107809,0.081477,0.052937,0.016603,0.008632,0.003468,0.001047
2022-02-28,0.560000,0.004629,0.184719,0.029463,0.282852,0.105479,0.023643,1.494348,2.377372,0.668416,0.105479,0.079052,0.050451,0.015432,0.007865,0.003170,0.000970
2022-03-31,0.580000,0.004960,0.194454,0.037932,0.294382,0.114867,0.028080,1.426423,2.377372,0.692596,0.114867,0.089125,0.061638,0.019926,0.010294,0.003984,0.001338
2022-04-30,0.580000,0.004916,0.194933,0.038063,0.294940,0.115126,0.027446,1.426423,2.377372,0.692596,0.115126,0.089293,0.061804,0.020002,0.010246,0.003945,0.001341
2022-05-31,0.570000,0.004830,0.193872,0.035230,0.293077,0.112584,0.025228,1.460386,2.377372,0.692596,0.112584,0.086513,0.058814,0.018004,0.009020,0.003523,0.001141
2022-06-30,0.570000,0.004904,0.197028,0.036610,0.295958,0.114415,0.025735,1.460386,2.377372,0.692596,0.114415,0.088406,0.060870,0.018646,0.009182,0.003567,0.001113
2022-07-31,0.580000,0.004705,0.197018,0.038382,0.297930,0.116246,0.027827,1.426423,2.377372,0.692596,0.116246,0.090410,0.063099,0.019769,0.009848,0.003790,0.001203
2022-08-31,0.540000,0.004991,0.189745,0.028636,0.282374,0.104758,0.022883,1.562273,2.377372,0.596047,0.104758,0.078177,0.049434,0.014505,0.007129,0.002838,0.000744
2022-09-30,0.560000,0.004684,0.190025,0.031863,0.287237,0.108475,0.025165,1.494348,2.377372,0.669326,0.108475,0.082252,0.053982,0.016003,0.007983,0.003173,0.000902
2022-10-31,0.560000,0.004757,0.194336,0.034032,0.290330,0.110921,0.026432,1.494348,2.377372,0.670171,0.110921,0.084922,0.056963,0.016725,0.008198,0.003231,0.000804
2022-11-30,0.570000,0.004720,0.199593,0.038286,0.296658,0.115798,0.029284,1.460386,2.377372,0.671081,0.115798,0.090227,0.062899,0.018558,0.009151,0.003541,0.000888
2022-12-31,0.550000,0.004862,0.200531,0.035148,0.292921,0.112480,0.026305,1.528311,2.377372,0.669326,0.112480,0.086656,0.058947,0.016533,0.007800,0.003026,0.000662
2023-01-31,0.560000,0.004717,0.195584,0.035241,0.289780,0.111602,0.028334,1.504786,2.393978,0.688284,0.111602,0.085580,0.057884,0.018240,0.008279,0.003347,0.000660
2023-02-28,0.550000,0.004622,0.196808,0.033410,0.289791,0.110324,0.025165,1.538986,2.393978,0.666901,0.110324,0.084114,0.055936,0.016038,0.007400,0.002893,0.000628
2023-03-31,0.560000,0.004786,0.201697,0.037414,0.296221,0.115056,0.028460,1.504786,2.393978,0.688284,0.115056,0.089347,0.062060,0.018634,0.008501,0.003385,0.000687
2023-04-30,0.550000,0.004877,0.203532,0.036350,0.295639,0.114137,0.025925,1.538986,2.393978,0.666901,0.114137,0.088367,0.060900,0.016795,0.007847,0.003068,0.000672
2023-05-31,0.540000,0.004886,0.203644,0.034256,0.294121,0.112216,0.023263,1.573186,2.393978,0.665961,0.112216,0.086122,0.058272,0.015544,0.007126,0.002804,0.000624
2023-06-30,0.540000,0.004730,0.201127,0.032980,0.292328,0.110785,0.023263,1.573186,2.393978,0.665961,0.110785,0.084543,0.056450,0.015207,0.006906,0.002693,0.000598
2023-07-31,0.550000,0.004751,0.200997,0.034649,0.294772,0.112686,0.024721,1.538986,2.393978,0.666901,0.112686,0.086591,0.058708,0.016232,0.007571,0.002980,0.000697
2023-08-31,0.550000,0.004573,0.195149,0.032070,0.289803,0.109390,0.024214,1.538986,2.393978,0.666901,0.109390,0.083087,0.054949,0.015372,0.007276,0.002878,0.000662
2023-09-30,0.540000,0.004897,0.197445,0.031604,0.289166,0.108873,0.023960,1.573186,2.393978,0.666901,0.108873,0.082472,0.054197,0.015137,0.007094,0.002822,0.000648
2023-10-31,0.570000,0.004650,0.202795,0.039426,0.299980,0.117592,0.029538,1.470587,2.393978,0.688284,0.117592,0.092051,0.064799,0.019383,0.009124,0.003538,0.000720
2023-11-30,0.540000,0.004897,0.203445,0.034608,0.292958,0.112113,0.023960,1.573186,2.393978,0.688284,0.112113,0.086084,0.058447,0.016666,0.007258,0.002842,0.000567
2023-12-31,0.540000,0.004751,0.201238,0.033501,0.291346,0.110854,0.022946,1.573186,2.393978,0.688284,0.110854,0.084700,0.056980,0.016118,0.007007,0.002811,0.000557
2024-01-31,0.540000,0.004544,0.197717,0.031653,0.289000,0.108857,0.022629,1.578138,2.401514,0.593810,0.108857,0.082467,0.054579,0.015310,0.006674,0.002689,0.000528
2024-02-29,0.540000,0.004796,0.202889,0.032910,0.295765,0.111766,0.024024,1.578138,2.401514,0.687327,0.111766,0.085450,0.057610,0.015749,0.007076,0.002802,0.000507
2024-03-31,0.510000,0.004942,0.203506,0.028178,0.288284,0.106209,0.019207,1.681060,2.401514,0.592305,0.106209,0.079323,0.050660,0.012572,0.005388,0.002190,0.000420
2024-04-30,0.550000,0.004788,0.212976,0.039182,0.306212,0.119291,0.025735,1.543830,2.401514,0.664992,0.119291,0.093552,0.066661,0.016764,0.007777,0.003024,0.000666
2024-05-31,0.550000,0.004991,0.213915,0.039953,0.306440,0.119899,0.027319,1.543830,2.401514,0.666872,0.119899,0.094251,0.067472,0.017331,0.008102,0.003164,0.000678
2024-06-30,0.560000,0.004832,0.213382,0.041492,0.308586,0.121620,0.028460,1.509523,2.401514,0.671014,0.121620,0.096110,0.069581,0.018100,0.008624,0.003391,0.000732
2024-07-31,0.560000,0.004726,0.211142,0.040679,0.306145,0.120319,0.028524,1.509523,2.401514,0.666872,0.120319,0.094821,0.068318,0.017878,0.008436,0.003318,0.000720
2024-08-31,0.560000,0.004746,0.211450,0.040581,0.306979,0.120500,0.028270,1.509523,2.401514,0.669133,0.120500,0.094827,0.068131,0.017923,0.008459,0.003341,0.000755
2024-09-30,0.560000,0.004908,0.210232,0.040548,0.305021,0.119889,0.029665,1.509523,2.401514,0.671014,0.119889,0.094354,0.067819,0.018246,0.008724,0.003449,0.000729
2024-10-31,0.550000,0.004621,0.208560,0.037462,0.301881,0.116788,0.025038,1.543830,2.401514,0.687327,0.116788,0.090860,0.063788,0.017159,0.007617,0.003067,0.000660
2024-11-30,0.500000,0.004983,0.203939,0.026591,0.286158,0.104461,0.019207,1.715367,2.401514,0.575942,0.104461,0.077422,0.048797,0.011819,0.004983,0.002040,0.000326
2024-12-31,0.510000,0.004829,0.203997,0.028485,0.288217,0.106405,0.019397,1.681060,2.401514,0.582703,0.106405,0.079759,0.051439,0.012505,0.005258,0.002207,0.000384
