,Austria Debt,Belgium Debt,Cyprus Debt,Germany Debt,Estonia Debt,Spain Debt,Finland Debt,France Debt,Greece Debt,Croatia Debt,Ireland Debt,Italy Debt,Lithuania Debt,Luxembourg Debt,Latvia Debt,Malta Debt,Netherlands Debt,Portugal Debt,Slovenia Debt,Slovakia Debt,Austria MA-5,Belgium MA-5,Croatia MA-5,Cyprus MA-5,Estonia MA-5,Finland MA-5,France MA-5,Germany MA-5,Greece MA-5,Ireland MA-5,Italy MA-5,Latvia MA-5,Lithuania MA-5,Luxembourg MA-5,Malta MA-5,Netherlands MA-5,Portugal MA-5,Slovakia MA-5,Slovenia MA-5,Spain MA-5,Malta PDs,Austria PDs,Belgium PDs,Croatia PDs,Cyprus PDs,Spain PDs,Estonia PDs,Finland PDs,France PDs,Greece PDs,Germany PDs,Ireland PDs,Italy PDs,Latvia PDs,Lithuania PDs,Luxembourg PDs,Netherlands PDs,Portugal PDs,Slovakia PDs,Slovenia PDs,Austria Market Access,Belgium Market Access,Cyprus Market Access,Croatia Market Access,Estonia Market Access,Finland Market Access,France Market Access,Germany Market Access,Greece Market Access,Ireland Market Access,Italy Market Access,Latvia Market Access,Lithuania Market Access,Luxembourg Market Access,Malta Market Access,Netherlands Market Access,Portugal Market Access,Slovakia Market Access,Slovenia Market Access,Spain Market Access
2010-01,145669.0,254893.469,5546.0,931459.0,12.0,374322.0,49519.0,943196.0,270270.0,0.0,77515.427,1271427.018,,2000.0,,3224.184,205976.53,102264.5,12468.353,20068.094,275723.4,335657.2,43263.2,17315.8,14414.0,180114.8,1894356.9,2475472.0,222282.6,181819.0,1581695.5,18606.1,26735.3,36231.6,5763.3,608962.6,170963.2,54261.4,33744.8,1039212.2,5.741,0.7988,0.7185,0.645,1.3289,0.8151,0.0,0.0013,0.3581,23.6258,0.2109,0.8393,1.3867,1.0813,0.2297,0.0104,0.0421,2.5466,98.2333,0.3518,1,1,1,0,0,1,1,1,1,1,1,0,0,1,1,1,1,1,1,1
2010-02,146781.0,258960.556,6490.0,949851.0,12.0,383281.0,49518.0,958767.0,278324.0,0.0,79608.311,1282065.375,,2000.0,,3262.164,216080.14,104210.0,12469.281,18616.318,275723.4,335657.2,43263.2,17315.8,14414.0,180114.8,1894356.9,2475472.0,222282.6,181819.0,1581695.5,18606.1,26735.3,36231.6,5763.3,608962.6,170963.2,54261.4,33744.8,1039212.2,45.3514,19.5087,0.7158,0.6498,1.3758,19.9948,0.0002,0.0015,12.1965,26.1466,0.23,22.1426,1.433,1.1688,0.2788,0.0113,2.0996,2.8226,98.1606,0.3657,1,1,1,0,0,1,1,1,1,1,1,0,0,1,1,1,1,1,1,1
2010-03,148439.0,254886.877,6485.0,953138.0,12.0,394371.0,53518.0,980310.0,283171.0,0.0,80863.334,1287373.679,,2000.0,,3262.164,220613.81,105806.23,12601.891,19094.718,275723.4,335657.2,43263.2,17315.8,14414.0,180114.8,1894356.9,2475472.0,222282.6,181819.0,1581695.5,18606.1,26735.3,36231.6,5763.3,608962.6,170963.2,54261.4,33744.8,1039212.2,49.1445,22.1502,0.7726,17.483,25.311,23.2084,0.0003,0.086,14.5615,28.1479,8.7223,25.8404,26.793,19.6527,10.9403,0.0115,3.0382,34.7591,1.8951,12.1766,1,1,1,0,0,1,1,1,1,1,1,0,0,1,1,1,1,1,1,1
2010-04,150939.0,258720.608,6478.0,958974.0,12.0,398341.0,55018.0,982405.0,279701.0,0.0,81518.509,1299168.421,,2000.0,,3262.164,224756.61,107664.73,12559.05,20300.218,275723.4,335657.2,43263.2,17315.8,14414.0,180114.8,1894356.9,2475472.0,222282.6,181819.0,1581695.5,18606.1,26735.3,36231.6,5763.3,608962.6,170963.2,54261.4,33744.8,1039212.2,53.6855,21.3341,0.9404,25.0799,31.3687,26.4703,0.0004,0.0821,17.048,33.3898,10.7494,42.052,32.6151,24.5298,15.9108,0.0182,4.8878,44.8467,1.9485,15.359,1,1,1,0,0,1,1,1,1,1,1,0,0,1,1,1,1,1,1,1
2010-05,153279.0,258603.077,6459.0,976871.0,12.0,404910.0,55020.0,1001023.0,271158.0,0.0,83267.92,1316870.08,,4000.0,,3412.3,233917.28,103822.29,12560.086,20644.229,275723.4,335657.2,43263.2,17315.8,14414.0,180114.8,1894356.9,2475472.0,222282.6,181819.0,1581695.5,18606.1,26735.3,36231.6,5763.3,608962.6,170963.2,54261.4,33744.8,1039212.2,47.0999,22.3927,1.2088,24.4847,34.2214,29.0206,0.0003,0.0874,18.6547,35.4386,11.5443,43.343,34.7307,26.0954,15.4423,0.0257,6.1343,47.8058,2.3265,16.8843,1,1,1,0,0,1,1,1,0,1,1,0,0,1,1,1,1,1,1,1
2010-06,155150.0,262295.353,6376.0,974975.0,12.0,413038.0,56520.0,1017032.0,271242.0,0.0,84747.103,1309194.042,,4000.0,,3369.637,239251.28,106525.92,12562.686,,275723.4,335657.2,43263.2,17315.8,14414.0,180114.8,1894356.9,2475472.0,222282.6,181819.0,1581695.5,18606.1,26735.3,36231.6,5763.3,608962.6,170963.2,54261.4,33744.8,1039212.2,46.5259,22.3179,1.2181,24.4174,35.4765,29.2363,0.0003,0.0903,18.0199,34.8009,11.4584,42.6728,34.6223,25.3308,17.3055,0.0242,5.9152,47.923,2.3233,16.7589,1,1,1,0,0,1,1,1,0,1,1,0,0,1,1,1,1,1,1,1
2010-07,156510.0,269936.718,6358.0,975341.0,12.0,410429.0,56520.0,1011101.0,271235.0,0.0,86578.149,1331892.376,,4000.0,,3368.368,231775.76,108108.66,12558.064,,275723.4,335657.2,43263.2,17315.8,14414.0,180114.8,1894356.9,2475472.0,222282.6,181819.0,1581695.5,18606.1,26735.3,36231.6,5763.3,608962.6,170963.2,54261.4,33744.8,1039212.2,40.6937,23.9587,1.3891,25.9215,39.9477,33.4502,0.0005,0.1199,18.5628,39.976,11.985,44.028,33.3297,36.9098,17.7534,0.0292,5.2971,47.5262,5.5908,16.9836,1,1,1,0,0,1,1,1,0,1,1,0,0,1,1,1,1,1,1,1
2010-08,157465.0,273496.267,6357.0,988787.0,12.0,413929.0,56495.0,1008417.0,271235.0,0.0,88110.659,1334100.779,,4000.0,,3547.613,231893.64,110872.06,12559.023,,275723.4,335657.2,43263.2,17315.8,14414.0,180114.8,1894356.9,2475472.0,222282.6,181819.0,1581695.5,18606.1,26735.3,36231.6,5763.3,608962.6,170963.2,54261.4,33744.8,1039212.2,45.2777,23.932,1.3352,25.8679,40.7392,32.5779,0.0005,0.0951,18.348,39.88,11.64,43.1297,32.8501,36.6659,18.1566,0.0274,5.2242,47.0632,5.0597,15.6304,1,1,1,0,0,1,1,1,0,1,1,0,0,1,1,1,1,1,1,1
2010-09,159517.0,260804.461,6341.0,989903.0,12.0,421240.0,55486.0,1014027.0,270505.0,0.0,89609.196,1332432.339,,4000.0,,3547.613,234693.34,113832.97,12560.286,21352.547,275723.4,335657.2,43263.2,17315.8,14414.0,180114.8,1894356.9,2475472.0,222282.6,181819.0,1581695.5,18606.1,26735.3,36231.6,5763.3,608962.6,170963.2,54261.4,33744.8,1039212.2,48.9091,23.3814,1.2198,26.0472,40.8837,31.2829,0.0005,0.0843,16.7757,38.3842,10.9254,42.4431,32.3806,27.0525,19.3635,0.0238,4.4984,46.6269,3.9358,13.1873,1,1,1,0,0,1,1,1,0,1,1,0,0,1,1,1,1,1,1,1
2010-10,161057.0,264022.194,6340.0,991248.0,12.0,429483.0,55106.0,1017455.0,270536.0,0.0,89580.51,1355497.185,,4000.0,,3547.613,237508.34,113832.97,12559.007,23627.047,275723.4,335657.2,43263.2,17315.8,14414.0,180114.8,1894356.9,2475472.0,222282.6,181819.0,1581695.5,18606.1,26735.3,36231.6,5763.3,608962.6,170963.2,54261.4,33744.8,1039212.2,42.3317,14.4184,0.4281,24.5527,35.6125,24.2038,0.0009,0.0809,8.7107,20.128,5.726,23.7137,24.7314,20.4268,24.5948,0.0075,2.2504,34.3693,0.6274,11.9485,1,1,1,0,0,1,1,1,0,1,1,0,0,1,1,1,1,1,1,1
2010-11,162157.0,264034.418,7340.0,1071642.0,12.0,436524.0,56606.0,1034500.0,270508.0,0.0,89882.415,1355828.29,,4000.0,,3611.457,240481.54,116348.37,12559.663,23748.047,275723.4,335657.2,43263.2,17315.8,14414.0,180114.8,1894356.9,2475472.0,222282.6,181819.0,1581695.5,18606.1,26735.3,36231.6,5763.3,608962.6,170963.2,54261.4,33744.8,1039212.2,41.163,14.5184,0.3984,25.3389,38.6117,23.512,0.0008,0.0792,8.49,20.5181,5.7766,24.0887,24.895,19.5892,24.8862,0.0074,2.2529,35.0072,0.4386,11.8465,1,1,1,0,0,1,1,1,0,0,1,0,0,1,1,1,1,1,1,1
2010-12,162157.0,265943.518,7339.0,1060566.0,12.0,441543.0,56606.0,1038996.0,272731.0,0.0,90102.309,1347341.604,,4000.0,,3611.457,240481.16,120647.31,12560.804,23645.515,275723.4,335657.2,43263.2,17315.8,14414.0,180114.8,1894356.9,2475472.0,222282.6,181819.0,1581695.5,18606.1,26735.3,36231.6,5763.3,608962.6,170963.2,54261.4,33744.8,1039212.2,39.2858,14.3315,0.3946,25.822,37.7566,23.408,0.001,0.0715,8.5276,19.9051,5.7489,23.665,24.6243,19.8218,23.5455,0.0073,2.1506,36.1018,0.4341,11.6996,1,1,1,0,0,1,1,1,0,0,1,0,0,1,1,1,1,1,1,1
2011-01,157889.0,268787.831,7275.0,1063296.0,12.0,452383.0,58106.0,1043287.0,279025.0,0.0,90084.629,1372694.29,,4000.0,1502.134,3611.457,232606.16,122195.8,13723.609,23595.147,284062.6,346298.2,45094.0,18200.2,15093.3,184811.0,1941162.4,2533382.0,228046.0,181208.7,1605469.8,19475.2,28070.7,38656.0,6109.0,626942.6,175224.7,60158.8,35172.1,1069016.8,38.9922,13.2832,0.3681,25.1202,33.9991,24.1301,0.0002,0.0503,8.5392,19.3597,5.7267,24.9887,22.5248,18.6098,23.7753,0.0054,1.8973,39.5775,0.4496,12.066,1,1,1,0,1,1,1,1,0,0,1,0,0,1,1,1,1,1,1,1
2011-02,159564.0,271782.831,6907.0,1068321.0,12.0,464372.0,56433.0,1063097.0,279375.0,0.0,89992.634,1372491.597,,4000.0,1527.324,3718.065,234376.07,125530.78,13686.004,24939.247,284062.6,346298.2,45094.0,18200.2,15093.3,184811.0,1941162.4,2533382.0,228046.0,181208.7,1605469.8,19475.2,28070.7,38656.0,6109.0,626942.6,175224.7,60158.8,35172.1,1069016.8,37.251,11.5949,0.3808,25.5812,39.87,21.3813,0.0002,0.0652,7.2001,18.4123,5.8082,22.2879,22.7443,19.4874,23.3266,0.0055,1.5741,40.2924,0.4632,11.8523,1,1,1,0,1,1,1,1,0,0,1,0,0,1,1,1,1,1,1,1
2011-03,160918.0,268920.241,6932.0,1073796.0,12.0,478317.0,56433.0,1081852.0,270753.0,0.0,89807.103,1362294.774,,4000.0,1530.655,3718.065,244120.06,126321.78,15187.231,24932.978,284062.6,346298.2,45094.0,18200.2,15093.3,184811.0,1941162.4,2533382.0,228046.0,181208.7,1605469.8,19475.2,28070.7,38656.0,6109.0,626942.6,175224.7,60158.8,35172.1,1069016.8,33.8701,0.3925,0.3874,22.2841,35.4991,1.0102,0.0,0.0478,0.1946,17.8346,4.7008,1.038,1.158,17.7909,19.6324,0.0054,0.0361,38.5382,0.4688,9.5634,1,1,1,0,1,1,1,1,0,0,1,0,0,1,1,1,1,1,1,1
2011-04,162423.0,272751.037,6931.0,1095445.0,12.0,470924.0,57933.0,1081859.0,269254.0,0.0,89589.667,1383818.408,,4000.0,1546.595,3718.065,248471.06,123849.78,14738.597,24900.81,284062.6,346298.2,45094.0,18200.2,15093.3,184811.0,1941162.4,2533382.0,228046.0,181208.7,1605469.8,19475.2,28070.7,38656.0,6109.0,626942.6,175224.7,60158.8,35172.1,1069016.8,2.6319,0.4881,0.3591,1.1842,2.0817,1.1766,0.0001,0.0009,0.2154,15.9144,0.1156,0.8995,1.3813,0.5373,0.6629,0.0051,0.0319,3.7918,0.242,0.3119,1,1,1,0,1,1,1,1,0,0,1,0,0,1,1,1,1,1,1,1
2011-05,163743.0,276985.637,6930.0,1113603.0,12.0,478833.0,57941.0,1102673.0,262851.0,0.0,89580.672,1390029.818,,4000.0,1560.254,3919.89,251739.97,123818.62,14689.567,25132.71,284062.6,346298.2,45094.0,18200.2,15093.3,184811.0,1941162.4,2533382.0,228046.0,181208.7,1605469.8,19475.2,28070.7,38656.0,6109.0,626942.6,175224.7,60158.8,35172.1,1069016.8,2.9488,0.4911,0.3583,1.2096,1.8089,1.1927,0.0001,0.0009,0.2316,15.3536,0.1181,0.8482,1.4416,0.539,0.6199,0.0052,0.0324,3.6586,0.254,0.3193,1,1,1,0,1,1,1,1,0,0,1,0,0,1,1,1,0,1,1,1
2011-06,165503.0,277204.684,7007.0,1114155.0,12.0,486722.0,59441.0,1121472.0,262842.0,0.0,89625.672,1396267.407,,4000.0,1560.694,3923.215,260432.89,118920.05,14691.727,25467.11,284062.6,346298.2,45094.0,18200.2,15093.3,184811.0,1941162.4,2533382.0,228046.0,181208.7,1605469.8,19475.2,28070.7,38656.0,6109.0,626942.6,175224.7,60158.8,35172.1,1069016.8,2.7768,0.5067,0.3572,1.1363,1.5667,1.2124,0.0001,0.0008,0.2393,14.9005,0.1175,0.8784,1.4138,0.5398,0.5887,0.0052,0.0318,2.8692,0.2539,0.3176,1,1,0,0,1,1,1,1,0,0,1,0,0,1,1,1,0,1,1,1
2011-07,167184.0,279951.737,7722.0,1109228.0,12.0,479061.0,59441.0,1108162.0,262702.0,0.0,89683.627,1414620.582,,4000.0,1602.763,3923.215,250951.74,118870.65,14693.662,25507.928,284062.6,346298.2,45094.0,18200.2,15093.3,184811.0,1941162.4,2533382.0,228046.0,181208.7,1605469.8,19475.2,28070.7,38656.0,6109.0,626942.6,175224.7,60158.8,35172.1,1069016.8,2.8439,0.4669,0.3175,1.4554,3.3776,1.2391,0.0002,0.0008,0.2483,23.758,0.1157,1.0846,1.3898,0.5975,0.5119,0.0052,0.0338,3.6061,0.4963,0.2793,1,1,0,0,1,1,1,1,0,0,1,0,0,1,1,1,0,1,1,1
2011-08,167184.0,282562.537,7744.0,1131372.0,12.0,483166.0,59441.0,1102968.0,256957.0,0.0,89778.857,1404390.715,,4000.0,1625.546,3923.215,251365.74,118870.65,14694.39,25609.528,284062.6,346298.2,45094.0,18200.2,15093.3,184811.0,1941162.4,2533382.0,228046.0,181208.7,1605469.8,19475.2,28070.7,38656.0,6109.0,626942.6,175224.7,60158.8,35172.1,1069016.8,3.1563,0.4877,0.3287,1.5137,3.208,1.2549,0.0002,0.0008,0.2547,24.5802,0.1166,1.1018,1.3542,0.609,0.5714,0.0052,0.0364,3.7421,0.5081,0.2642,1,1,0,0,1,1,1,1,0,0,1,0,0,1,1,1,0,1,1,1
2011-09,168769.0,273758.449,7743.0,1132692.0,12.0,490878.0,62441.0,1105729.0,256767.0,0.0,89588.627,1378022.408,,4000.0,1646.694,3888.274,256364.76,118870.65,14694.707,25857.029,284062.6,346298.2,45094.0,18200.2,15093.3,184811.0,1941162.4,2533382.0,228046.0,181208.7,1605469.8,19475.2,28070.7,38656.0,6109.0,626942.6,175224.7,60158.8,35172.1,1069016.8,2.4848,0.4437,0.3319,1.2077,3.2127,1.264,0.0006,0.0008,0.2513,24.3564,0.1184,1.0683,1.3516,0.5113,0.516,0.0053,0.0345,3.3485,0.5323,0.2677,1,1,0,0,1,1,1,1,0,0,1,0,0,1,1,1,0,1,1,1
2011-10,169869.0,274129.549,7742.0,1139156.0,12.0,488502.0,62441.0,1107758.0,256761.0,0.0,89680.627,1396545.435,,4000.0,1657.913,3888.274,261103.76,118820.65,14749.911,26083.301,284062.6,346298.2,45094.0,18200.2,15093.3,184811.0,1941162.4,2533382.0,228046.0,181208.7,1605469.8,19475.2,28070.7,38656.0,6109.0,626942.6,175224.7,60158.8,35172.1,1069016.8,2.289,0.4154,0.3601,0.7774,3.2933,1.3687,6.1186,0.0009,0.2243,25.1099,0.1037,1.1713,1.3386,0.4754,0.4595,0.0057,0.0366,5.9188,0.5504,0.2772,1,1,0,0,1,1,1,1,0,0,1,0,0,1,1,1,0,1,1,1
2011-11,171145.0,275730.624,7742.0,1173238.0,12.0,498113.0,63941.0,1124852.0,256898.0,0.0,85283.632,1394795.773,,4000.0,1518.842,4056.262,265527.65,118820.65,14706.782,25911.301,284062.6,346298.2,45094.0,18200.2,15093.3,184811.0,1941162.4,2533382.0,228046.0,181208.7,1605469.8,19475.2,28070.7,38656.0,6109.0,626942.6,175224.7,60158.8,35172.1,1069016.8,1.7641,0.4236,0.3777,0.8289,3.3118,1.4059,1.7716,0.001,0.2237,25.3567,0.1083,1.146,1.2826,0.4655,0.403,0.0058,0.0373,6.0652,0.5708,0.2825,1,1,0,0,1,1,1,1,0,0,1,0,0,1,1,1,0,1,1,1
2011-12,171005.0,284408.011,7742.0,1172272.0,12.0,512020.0,63941.0,1127523.0,256500.0,0.0,85309.632,1406803.278,,4000.0,1515.368,4054.171,265527.48,118820.65,15614.666,25892.451,284062.6,346298.2,45094.0,18200.2,15093.3,184811.0,1941162.4,2533382.0,228046.0,181208.7,1605469.8,19475.2,28070.7,38656.0,6109.0,626942.6,175224.7,60158.8,35172.1,1069016.8,2.4419,0.4765,0.4048,0.8746,3.2937,1.4663,0.586,0.001,0.2421,25.9957,0.1165,1.2205,1.303,0.4929,0.4248,0.0065,0.0408,7.168,0.6198,0.3401,1,1,0,0,1,1,1,1,0,0,1,0,0,1,1,1,0,1,1,1
2012-01,177475.0,289295.865,7281.0,1171877.0,12.0,528825.0,63941.0,1131326.0,256446.0,0.0,85318.332,1426941.48,,4000.0,,4054.171,256590.42,118380.2,15538.806,26688.047,292509.2,357016.9,46122.7,18919.0,15727.5,189769.8,1984386.5,2597528.0,225881.3,178849.5,1624969.4,19989.8,29484.1,40685.7,6439.4,640656.4,177236.2,65366.3,36268.5,1081759.6,2.6272,0.5786,0.4432,0.8329,3.3541,1.7985,9.5327,0.001,0.2617,27.0511,0.1299,1.844,1.4692,0.4876,0.6467,0.0086,0.0475,8.2807,0.8473,0.3942,1,1,0,0,1,1,1,1,0,0,1,0,0,1,1,1,0,1,1,1
2012-02,177605.0,290277.065,6724.0,1186811.0,12.0,543375.0,66941.0,1150332.0,257633.0,0.0,85337.032,1411277.7,,4000.0,,4328.874,266778.33,117745.2,14539.632,27039.547,292509.2,357016.9,46122.7,18919.0,15727.5,189769.8,1984386.5,2597528.0,225881.3,178849.5,1624969.4,19989.8,29484.1,40685.7,6439.4,640656.4,177236.2,65366.3,36268.5,1081759.6,3.0129,0.5307,0.4332,0.851,3.1204,1.6814,1.3145,0.001,0.3237,27.8692,0.1257,4.0493,1.4762,0.6674,0.5793,0.0083,0.0481,8.3739,0.8241,0.4782,1,1,0,0,1,1,1,1,0,0,1,0,0,1,1,1,0,1,1,1
2012-03,178705.0,290457.681,6724.0,1183477.0,12.0,551730.0,67541.0,1168082.0,131459.0,0.0,79650.632,1409646.9,,5000.0,,4328.874,273509.23,117688.95,14539.654,27345.206,292509.2,357016.9,46122.7,18919.0,15727.5,189769.8,1984386.5,2597528.0,225881.3,178849.5,1624969.4,19989.8,29484.1,40685.7,6439.4,640656.4,177236.2,65366.3,36268.5,1081759.6,2.7379,0.4736,0.3962,0.8531,3.2414,1.827,0.0012,0.001,0.3342,28.4673,0.1219,4.3401,1.4635,0.8632,0.6199,0.0083,0.0427,10.5354,0.6917,0.4797,1,1,0,0,1,1,1,1,0,0,1,0,0,1,1,1,0,1,1,1
2012-04,180025.0,294586.682,6723.0,1183341.0,12.0,544311.0,67541.0,1166823.0,124081.0,0.0,83142.44,1399485.55,,5000.0,,4328.874,278447.43,118197.4,14540.468,27934.305,292509.2,357016.9,46122.7,18919.0,15727.5,189769.8,1984386.5,2597528.0,225881.3,178849.5,1624969.4,19989.8,29484.1,40685.7,6439.4,640656.4,177236.2,65366.3,36268.5,1081759.6,2.5225,0.4928,0.4265,1.128,2.9399,3.054,0.0003,0.0008,0.3687,31.4559,0.1269,4.5256,1.7675,0.9028,0.5062,0.0097,0.0492,12.4657,0.5468,0.4618,1,1,0,0,1,1,1,1,0,0,1,0,0,1,1,1,0,1,1,1
2012-05,180985.0,297700.202,6722.0,1198094.0,12.0,549781.0,68541.0,1185278.0,119727.0,0.0,83131.24,1414970.69,,5000.0,,4248.51,284563.31,117983.54,14543.747,27164.488,292509.2,357016.9,46122.7,18919.0,15727.5,189769.8,1984386.5,2597528.0,225881.3,178849.5,1624969.4,19989.8,29484.1,40685.7,6439.4,640656.4,177236.2,65366.3,36268.5,1081759.6,2.3834,0.4285,0.3842,1.0541,2.6515,3.1559,0.0002,0.0007,0.3374,31.3897,0.1176,3.6607,1.7758,0.78,0.4295,0.0087,0.0435,11.8261,0.4852,0.5025,1,1,0,0,1,1,1,1,0,0,1,0,0,1,1,1,0,1,1,1
2012-06,182085.0,300383.527,8609.0,1199370.0,12.0,554616.0,68541.0,1201557.0,119384.0,0.0,83131.44,1432944.46,,5000.0,,4428.201,288309.06,109523.28,14544.287,27530.07,292509.2,357016.9,46122.7,18919.0,15727.5,189769.8,1984386.5,2597528.0,225881.3,178849.5,1624969.4,19989.8,29484.1,40685.7,6439.4,640656.4,177236.2,65366.3,36268.5,1081759.6,2.3619,0.41,0.3872,1.021,3.3436,3.3476,0.0002,0.0007,0.3094,31.2945,0.1124,4.6457,1.7604,0.7978,0.4951,0.0069,0.0434,10.5689,0.4825,0.6018,1,1,0,0,1,1,1,1,0,0,1,0,0,1,1,1,0,1,1,1
2012-07,176906.0,300517.327,8609.0,1199211.0,12.0,547685.0,70041.0,1194760.0,119346.0,0.0,83109.94,1431014.99,,5000.0,,4428.201,284908.47,109395.78,14544.804,27748.57,292509.2,357016.9,46122.7,18919.0,15727.5,189769.8,1984386.5,2597528.0,225881.3,178849.5,1624969.4,19989.8,29484.1,40685.7,6439.4,640656.4,177236.2,65366.3,36268.5,1081759.6,2.5753,0.4789,0.3896,1.3915,6.4971,5.5683,0.0002,0.0008,0.313,34.0989,0.1271,3.9743,1.8944,1.0093,0.5553,0.0065,0.05,11.3675,0.7845,0.5699,1,1,0,0,1,1,1,1,0,0,1,0,0,1,1,1,0,1,1,1
2012-08,176906.0,304763.327,8607.0,1204249.0,12.0,551229.0,70041.0,1192968.0,118246.0,0.0,87295.458,1429735.03,,5000.0,,4428.201,284908.47,109354.42,14544.883,28267.87,292509.2,357016.9,46122.7,18919.0,15727.5,189769.8,1984386.5,2597528.0,225881.3,178849.5,1624969.4,19989.8,29484.1,40685.7,6439.4,640656.4,177236.2,65366.3,36268.5,1081759.6,2.6008,0.4947,0.3966,1.4366,6.0465,6.9745,0.0002,0.0008,0.2964,32.8164,0.1286,3.4364,1.9158,0.9747,0.6565,0.0068,0.0517,9.7016,0.8369,0.5549,1,1,0,0,1,1,1,1,0,0,1,0,0,1,1,1,0,1,1,1
2012-09,178116.0,298713.842,8607.0,1199025.0,12.0,565062.0,68008.0,1196409.0,118045.0,0.0,88506.458,1440010.59,,5000.0,,4216.979,288891.42,111013.11,14545.399,28499.87,292509.2,357016.9,46122.7,18919.0,15727.5,189769.8,1984386.5,2597528.0,225881.3,178849.5,1624969.4,19989.8,29484.1,40685.7,6439.4,640656.4,177236.2,65366.3,36268.5,1081759.6,2.5907,0.4888,0.3945,1.4556,6.025,6.1347,0.0002,0.0008,0.2835,33.1485,0.1285,2.5793,1.8742,0.9426,0.6474,0.0071,0.0515,8.1965,0.8147,0.5255,1,1,0,0,1,1,1,1,0,0,1,0,0,1,1,1,0,1,1,1
2012-10,179440.0,298989.495,8606.0,1197140.0,12.0,559813.0,69509.0,1195576.0,118050.0,0.0,88259.411,1458249.8,,5000.0,,4216.979,291740.26,111858.27,14545.672,28688.77,292509.2,357016.9,46122.7,18919.0,15727.5,189769.8,1984386.5,2597528.0,225881.3,178849.5,1624969.4,19989.8,29484.1,40685.7,6439.4,640656.4,177236.2,65366.3,36268.5,1081759.6,3.1427,0.4863,0.3941,1.3083,7.268,6.9323,0.0002,0.001,0.2768,32.4151,0.1295,2.6949,2.1546,0.8532,0.6552,0.0061,0.0543,8.9028,0.7633,0.5539,1,1,0,0,1,1,1,1,0,0,1,0,0,1,1,1,0,1,1,1
2012-11,194802.0,306386.052,8606.0,1183581.0,12.0,625021.0,69509.0,1212892.0,118062.0,0.0,88295.411,1463695.7,,5000.0,,4356.966,294561.761,113187.66,14485.022,29744.435,292509.2,357016.9,46122.7,18919.0,15727.5,189769.8,1984386.5,2597528.0,225881.3,178849.5,1624969.4,19989.8,29484.1,40685.7,6439.4,640656.4,177236.2,65366.3,36268.5,1081759.6,3.6215,0.4773,0.3885,1.2577,8.1153,6.6998,0.0002,0.0009,0.2597,32.1754,0.1289,2.5252,2.2067,0.778,0.6363,0.006,0.052,8.5571,0.745,0.533,1,1,0,0,1,1,1,1,0,0,1,0,0,1,1,1,0,1,1,1
2012-12,195952.0,298295.965,8604.0,1169420.0,12.0,634797.0,69509.0,1210516.0,85675.0,0.0,87853.011,1444412.79,4986.953,5000.0,,4351.639,293000.761,111536.92,14485.539,29611.297,292509.2,357016.9,46122.7,18919.0,15727.5,189769.8,1984386.5,2597528.0,225881.3,178849.5,1624969.4,19989.8,29484.1,40685.7,6439.4,640656.4,177236.2,65366.3,36268.5,1081759.6,3.3884,0.4722,0.3842,1.1915,7.7907,5.8535,0.0002,0.001,0.2593,31.4578,0.129,2.403,2.21,0.7957,0.6319,0.006,0.0525,8.3231,0.7353,0.5359,1,1,0,0,1,1,1,1,0,0,1,0,0,1,1,1,0,1,1,1
2013-01,197052.0,302497.918,8594.0,1150737.0,12.0,647222.0,69509.0,1208006.0,85635.0,0.0,90290.484,1472518.1,5036.443,5000.0,,4351.639,285893.602,115332.79,14487.708,29762.622,299385.5,365880.1,46211.1,19299.9,16064.3,192433.6,2014468.6,2648940.0,217204.5,174760.0,1627206.2,19925.5,30325.4,42462.5,6779.7,647747.8,175847.3,68840.9,36467.8,1073444.2,1.337,0.4388,0.3856,1.1745,4.3146,4.5314,0.0002,0.001,0.2633,33.1056,0.1293,2.2542,2.2415,0.7093,0.6736,0.0058,0.0538,8.8285,0.8291,0.9606,1,1,0,0,1,1,1,1,0,0,1,0,0,1,1,1,0,1,1,1
2013-02,198102.0,305753.94,8594.0,1161508.0,12.0,654974.0,70509.0,1225960.0,85196.0,0.0,115401.687,1469670.03,5364.223,5000.0,,4344.389,288578.602,115319.47,14439.432,33194.601,299385.5,365880.1,46211.1,19299.9,16064.3,192433.6,2014468.6,2648940.0,217204.5,174760.0,1627206.2,19925.5,30325.4,42462.5,6779.7,647747.8,175847.3,68840.9,36467.8,1073444.2,1.1147,0.4407,0.385,1.172,4.2063,3.6465,0.0002,0.001,0.2623,33.134,0.1263,2.2549,2.2122,0.6931,0.6727,0.0058,0.0547,8.5747,0.8302,0.9556,1,1,0,0,1,1,1,1,0,0,1,0,0,1,1,1,1,1,1,1
2013-03,199752.0,296655.222,8592.0,1151503.0,12.0,673042.0,70509.0,1241426.0,84943.0,0.0,120082.926,1486820.1,4699.473,5750.0,,4544.011,299099.125,116829.61,14442.681,32204.094,299385.5,365880.1,46211.1,19299.9,16064.3,192433.6,2014468.6,2648940.0,217204.5,174760.0,1627206.2,19925.5,30325.4,42462.5,6779.7,647747.8,175847.3,68840.9,36467.8,1073444.2,0.814,0.4383,0.3821,1.1683,4.1328,3.8616,0.0002,0.0009,0.262,33.3979,0.1253,2.2475,2.1753,0.6606,0.6666,0.0059,0.0556,8.7219,0.8185,0.8929,1,1,0,0,1,1,1,1,0,0,1,0,0,1,1,1,1,1,1,1
2013-04,204252.0,296597.865,8590.0,1137310.0,12.0,669647.0,74509.0,1240059.0,84502.0,0.0,115522.103,1492795.01,4722.124,5750.0,,4544.011,303646.016,116779.1,15552.134,33213.875,299385.5,365880.1,46211.1,19299.9,16064.3,192433.6,2014468.6,2648940.0,217204.5,174760.0,1627206.2,19925.5,30325.4,42462.5,6779.7,647747.8,175847.3,68840.9,36467.8,1073444.2,0.6962,0.5314,0.4163,2.0413,4.4635,4.8352,0.0001,0.0009,0.2843,33.1229,0.1251,2.5248,2.6472,0.5223,0.5852,0.0058,0.064,9.5389,0.5492,1.1655,1,1,0,0,1,1,1,1,0,1,1,0,0,1,1,1,1,1,1,1
2013-05,205572.0,307930.289,8589.0,1152289.0,12.0,705578.0,74509.0,1258466.0,78923.0,0.0,115441.336,1517991.67,4765.567,5750.0,,4601.444,307680.016,121440.75,15043.44,33988.194,299385.5,365880.1,46211.1,19299.9,16064.3,192433.6,2014468.6,2648940.0,217204.5,174760.0,1627206.2,19925.5,30325.4,42462.5,6779.7,647747.8,175847.3,68840.9,36467.8,1073444.2,0.7613,0.5641,0.4292,2.0803,4.5622,4.8392,0.0001,0.0009,0.3062,33.5282,0.1287,2.1235,2.6401,0.5185,0.5703,0.006,0.0675,9.3014,0.5652,1.2853,1,1,0,0,1,1,1,1,0,1,1,0,0,1,1,1,1,1,1,1
2013-06,207002.0,311289.889,7174.0,1145005.0,12.0,708604.0,76009.0,1273006.0,78878.0,0.0,115464.943,1522117.57,4784.469,5750.0,,4601.444,316835.24,122837.5,14647.198,34019.194,299385.5,365880.1,46211.1,19299.9,16064.3,192433.6,2014468.6,2648940.0,217204.5,174760.0,1627206.2,19925.5,30325.4,42462.5,6779.7,647747.8,175847.3,68840.9,36467.8,1073444.2,0.715,0.5643,0.4559,2.0796,5.7705,4.7122,0.0001,0.0009,0.3207,34.0618,0.1324,2.1251,2.6123,0.5264,0.7058,0.0062,0.0681,9.1205,0.5756,1.6442,1,1,0,0,1,1,1,1,0,1,1,0,0,1,1,1,1,1,1,1
2013-07,209727.0,311754.051,7225.0,1137465.0,12.0,710988.0,70009.0,1255364.0,78795.0,0.0,114883.363,1523148.0,4807.706,7750.0,,4601.444,305076.24,123166.3,14647.475,33738.211,299385.5,365880.1,46211.1,19299.9,16064.3,192433.6,2014468.6,2648940.0,217204.5,174760.0,1627206.2,19925.5,30325.4,42462.5,6779.7,647747.8,175847.3,68840.9,36467.8,1073444.2,0.6346,0.5665,0.4382,2.3949,15.6072,4.6961,0.0001,0.001,0.3059,37.7756,0.1313,2.2539,2.6474,0.4809,0.5524,0.0052,0.076,8.6194,0.8546,3.4374,1,1,0,0,1,1,1,1,0,1,1,0,0,1,1,1,1,1,1,1
2013-08,210509.0,318805.645,7225.0,1151121.0,12.0,704787.0,69980.0,1254161.0,76626.0,0.0,114781.993,1510957.43,4694.754,8050.0,,4571.444,305076.24,122978.15,14648.702,33596.934,299385.5,365880.1,46211.1,19299.9,16064.3,192433.6,2014468.6,2648940.0,217204.5,174760.0,1627206.2,19925.5,30325.4,42462.5,6779.7,647747.8,175847.3,68840.9,36467.8,1073444.2,0.6894,0.5209,0.4344,2.4455,15.32,4.1674,0.0001,0.001,0.307,37.95,0.134,2.2748,2.64,0.5007,0.5419,0.0053,0.0767,8.6256,0.9995,4.0149,1,1,0,0,1,1,1,1,0,1,1,0,0,1,1,1,1,1,1,1
2013-09,215409.0,307554.116,7225.0,1150341.0,12.0,714578.0,73980.0,1261164.0,76617.0,0.0,114853.892,1519925.72,4733.927,8050.0,,4651.144,309726.103,118345.57,14649.026,33565.001,299385.5,365880.1,46211.1,19299.9,16064.3,192433.6,2014468.6,2648940.0,217204.5,174760.0,1627206.2,19925.5,30325.4,42462.5,6779.7,647747.8,175847.3,68840.9,36467.8,1073444.2,0.6425,0.503,0.4318,2.472,15.105,4.1188,0.0001,0.0011,0.2994,37.518,0.1332,2.2538,2.6529,0.4501,0.4817,0.0052,0.0756,8.6004,0.8411,3.5334,1,1,0,0,1,1,1,1,0,1,1,0,0,1,1,1,1,1,1,1
2013-10,203282.0,310816.913,7224.0,1151485.0,12.0,703943.0,73980.0,1256983.0,76618.0,0.0,114975.554,1541275.72,4801.988,8050.0,,4430.847,311742.103,117113.9,14573.622,32563.6,299385.5,365880.1,46211.1,19299.9,16064.3,192433.6,2014468.6,2648940.0,217204.5,174760.0,1627206.2,19925.5,30325.4,42462.5,6779.7,647747.8,175847.3,68840.9,36467.8,1073444.2,0.715,0.3835,0.3783,1.2502,14.2139,3.1829,0.0001,0.0011,0.2473,36.2452,0.1066,1.9969,2.1636,0.3655,0.4369,0.0048,0.0587,6.6276,0.9504,3.3091,1,1,0,0,1,1,1,1,0,1,1,0,0,1,1,1,1,1,1,1
2013-11,204932.0,311026.727,7224.0,1168782.0,12.0,716763.0,75481.0,1271304.0,76625.0,0.0,115086.205,1562390.86,4875.841,8050.0,,4613.233,316389.103,117454.64,16074.139,32336.362,299385.5,365880.1,46211.1,19299.9,16064.3,192433.6,2014468.6,2648940.0,217204.5,174760.0,1627206.2,19925.5,30325.4,42462.5,6779.7,647747.8,175847.3,68840.9,36467.8,1073444.2,0.6898,0.3873,0.3768,1.2914,13.3047,3.2227,0.0001,0.0011,0.2449,36.3944,0.1047,1.9955,2.1718,0.3715,0.4429,0.0047,0.0591,6.972,0.962,3.3175,1,1,0,0,1,1,1,1,0,1,1,0,0,1,1,1,1,1,1,1
2013-12,206593.0,310843.25,7224.0,1163577.0,12.0,715570.0,75481.0,1274317.0,76623.0,0.0,111006.768,1541164.2,4887.43,6050.0,,4610.859,316388.922,116759.25,17959.079,31764.865,299385.5,365880.1,46211.1,19299.9,16064.3,192433.6,2014468.6,2648940.0,217204.5,174760.0,1627206.2,19925.5,30325.4,42462.5,6779.7,647747.8,175847.3,68840.9,36467.8,1073444.2,0.6416,0.3801,0.3705,1.3719,11.0275,3.1944,0.0001,0.001,0.2332,36.8211,0.1037,1.969,2.1593,0.3633,0.426,0.0046,0.0583,7.6756,0.9698,3.3131,1,1,0,0,1,1,1,1,0,1,1,0,0,1,1,1,1,1,1,1
2014-01,206482.0,316114.576,6984.0,1154333.0,12.0,717443.0,75231.0,1274111.0,74572.0,0.0,111988.155,1550093.36,5426.528,6050.0,,4610.859,305584.922,119894.25,17959.34,33510.853,305254.6,374454.8,45459.7,19106.1,16573.2,194282.4,2040539.1,2704380.0,205080.2,173885.1,1622714.6,19653.9,30763.5,44279.5,7158.3,650601.4,174161.8,70556.3,36127.6,1056088.2,0.6205,0.4103,0.3398,1.5235,9.9208,3.1759,0.0003,0.0012,0.24,36.9478,0.0998,2.2648,1.9232,0.4241,0.434,0.0047,0.0599,8.3531,1.0219,3.5841,1,1,0,0,1,1,1,1,0,1,1,1,0,1,1,1,1,1,1,1
2014-02,207736.0,320467.019,6980.0,1170692.0,12.0,716224.0,79231.0,1292357.0,74577.0,0.0,111851.955,1572963.63,5457.349,6050.0,,4610.859,310146.861,123928.89,17968.039,33502.121,305254.6,374454.8,45459.7,19106.1,16573.2,194282.4,2040539.1,2704380.0,205080.2,173885.1,1622714.6,19653.9,30763.5,44279.5,7158.3,650601.4,174161.8,70556.3,36127.6,1056088.2,0.5793,0.416,0.3433,1.4687,9.3636,3.1953,0.0002,0.0012,0.2411,37.1298,0.0984,2.2854,1.9298,0.399,0.443,0.0047,0.0597,8.9406,1.0489,3.7553,1,1,0,0,1,1,1,1,0,1,1,1,0,1,1,1,1,1,1,1
2014-03,208946.0,312415.341,6980.0,1170034.0,12.0,725849.0,79581.0,1308021.0,74539.0,0.0,112897.588,1585100.17,5491.836,6050.0,,4746.322,319591.993,121946.1,17967.516,33763.521,305254.6,374454.8,45459.7,19106.1,16573.2,194282.4,2040539.1,2704380.0,205080.2,173885.1,1622714.6,19653.9,30763.5,44279.5,7158.3,650601.4,174161.8,70556.3,36127.6,1056088.2,0.5575,0.4184,0.338,1.501,8.777,3.2123,0.0002,0.0012,0.2478,37.4471,0.0966,2.2901,1.9356,0.4014,0.4441,0.0046,0.0596,9.1128,1.0609,4.0394,1,1,0,0,1,1,1,1,0,1,1,1,0,1,1,1,1,1,1,1
2014-04,210177.0,315736.749,6980.0,1164558.0,12.0,711113.0,79581.0,1302681.0,77542.0,0.0,113155.077,1613618.91,5570.082,6050.0,,4801.272,323103.993,122258.68,18468.183,33255.314,305254.6,374454.8,45459.7,19106.1,16573.2,194282.4,2040539.1,2704380.0,205080.2,173885.1,1622714.6,19653.9,30763.5,44279.5,7158.3,650601.4,174161.8,70556.3,36127.6,1056088.2,0.6472,0.4783,0.3415,2.0497,7.7451,3.7457,0.0007,0.0019,0.2391,35.6212,0.0983,1.5303,2.4866,2.0551,0.4943,0.0049,0.0642,8.9798,0.6988,4.0378,1,1,0,0,1,1,1,1,0,1,1,1,0,1,1,1,1,1,1,1
2014-05,211808.0,317684.844,7080.0,1182497.0,12.0,726061.0,81081.0,1316602.0,68211.0,0.0,113215.762,1631322.95,5760.968,6050.0,,4801.272,325376.911,119057.4,18468.227,32454.804,305254.6,374454.8,45459.7,19106.1,16573.2,194282.4,2040539.1,2704380.0,205080.2,173885.1,1622714.6,19653.9,30763.5,44279.5,7158.3,650601.4,174161.8,70556.3,36127.6,1056088.2,0.6578,0.4911,0.3384,2.0813,6.6821,3.7294,0.0006,0.002,0.2361,35.2775,0.0995,1.5556,2.4938,2.3251,0.4913,0.0049,0.0646,8.4307,0.73,3.8388,1,1,0,0,1,1,1,1,1,1,1,1,0,1,1,1,1,1,1,1
2014-06,217808.0,320676.563,7747.0,1183007.0,12.0,726068.0,81081.0,1336199.0,68213.0,0.0,113206.55,1633461.49,5278.755,6050.0,,4981.272,329902.889,116765.15,18469.135,32396.758,305254.6,374454.8,45459.7,19106.1,16573.2,194282.4,2040539.1,2704380.0,205080.2,173885.1,1622714.6,19653.9,30763.5,44279.5,7158.3,650601.4,174161.8,70556.3,36127.6,1056088.2,0.848,0.4865,0.3637,1.6087,8.6009,3.4734,0.0059,0.0032,0.2607,41.7513,0.089,1.7001,2.4071,2.2386,0.4265,0.0049,0.0654,6.8616,1.4052,3.0508,1,1,0,0,1,1,1,1,1,1,1,1,0,1,1,1,1,1,1,1
2014-07,209402.0,323085.623,6355.0,1167120.0,0.0,719985.0,81081.0,1326844.0,69604.0,0.0,112240.223,1640250.8,5333.783,6050.0,,4742.356,319481.174,113548.07,17835.978,32396.758,305254.6,374454.8,45459.7,19106.1,16573.2,194282.4,2040539.1,2704380.0,205080.2,173885.1,1622714.6,19653.9,30763.5,44279.5,7158.3,650601.4,174161.8,70556.3,36127.6,1056088.2,0.8609,0.5216,0.3728,1.5625,8.8125,3.5139,0.0058,0.0051,0.2679,44.5311,0.0856,1.7356,2.4781,2.3407,0.4492,0.0052,0.065,6.2632,2.0257,2.7079,1,1,1,0,1,1,1,1,1,1,1,1,0,1,1,1,1,1,1,1
2014-08,210502.0,323018.115,6358.0,1178007.0,0.0,723733.0,81081.0,1322398.0,65006.0,0.0,112143.423,1623075.49,5125.12,6050.0,,4922.461,317897.69,113304.07,17776.023,32371.008,305254.6,374454.8,45459.7,19106.1,16573.2,194282.4,2040539.1,2704380.0,205080.2,173885.1,1622714.6,19653.9,30763.5,44279.5,7158.3,650601.4,174161.8,70556.3,36127.6,1056088.2,0.7432,0.5135,0.3835,1.542,9.6742,3.7451,0.0054,0.0055,0.2653,44.3291,0.1022,1.7732,2.4831,2.3128,0.428,0.0047,0.0649,6.0624,2.2439,2.6604,1,1,1,0,1,1,1,1,1,1,1,1,0,1,1,1,1,1,1,1
2014-09,211712.0,312771.294,6367.0,1177771.0,0.0,732759.0,78581.0,1327188.0,66617.0,0.0,112131.816,1613684.81,5188.295,6050.0,,4922.461,323901.8,114033.91,17776.165,32563.508,305254.6,374454.8,45459.7,19106.1,16573.2,194282.4,2040539.1,2704380.0,205080.2,173885.1,1622714.6,19653.9,30763.5,44279.5,7158.3,650601.4,174161.8,70556.3,36127.6,1056088.2,1.4493,0.476,0.3991,1.7861,10.0321,3.9036,0.0079,0.0041,0.2836,41.1101,0.1058,1.8056,2.3973,1.3515,0.4372,0.0052,0.0693,6.3709,2.2453,3.8079,1,1,1,0,1,1,1,1,1,1,1,1,0,1,1,1,1,1,1,1
2014-10,213019.0,315079.106,6370.0,1177517.0,0.0,723741.0,79581.0,1321741.0,66618.0,0.0,113069.345,1643709.19,6220.153,6350.0,,4997.461,326068.536,109157.76,17562.575,32286.406,305254.6,374454.8,45459.7,19106.1,16573.2,194282.4,2040539.1,2704380.0,205080.2,173885.1,1622714.6,19653.9,30763.5,44279.5,7158.3,650601.4,174161.8,70556.3,36127.6,1056088.2,1.4453,0.5103,0.4183,1.9375,9.6073,3.9787,0.0095,0.0051,0.2819,40.9289,0.106,1.5306,2.4891,1.5168,0.4357,0.0053,0.0602,6.677,2.0673,4.0644,1,1,1,0,1,1,1,1,1,1,1,1,0,1,1,1,1,1,1,1
2014-11,215119.0,317209.719,6343.0,1189766.0,0.0,726043.0,79581.0,1340355.0,66624.0,0.0,116768.25,1643833.99,6230.153,6350.0,3330.0,4903.579,328930.797,109965.52,18502.594,32600.117,305254.6,374454.8,45459.7,19106.1,16573.2,194282.4,2040539.1,2704380.0,205080.2,173885.1,1622714.6,19653.9,30763.5,44279.5,7158.3,650601.4,174161.8,70556.3,36127.6,1056088.2,1.4128,0.6457,0.4905,2.3278,10.1372,3.3108,0.0081,0.0051,0.3067,41.3938,0.1231,1.1598,3.2151,1.2761,0.4739,0.0047,0.1019,7.2639,2.1786,4.3237,1,1,1,0,1,1,1,1,1,1,1,1,0,1,1,1,1,1,1,1
2014-12,215485.0,316670.779,6349.0,1180984.0,0.0,732746.0,79581.0,1341294.0,66623.0,0.0,116339.15,1619874.68,6219.75,6350.0,3350.0,4899.575,328771.817,107625.79,18715.768,31969.461,305254.6,374454.8,45459.7,19106.1,16573.2,194282.4,2040539.1,2704380.0,205080.2,173885.1,1622714.6,19653.9,30763.5,44279.5,7158.3,650601.4,174161.8,70556.3,36127.6,1056088.2,1.6647,0.8357,0.5434,2.7078,9.5697,3.6782,0.0105,0.0055,0.3219,41.484,0.1294,0.9795,4.0328,0.8812,0.3867,0.0051,0.1102,7.9936,2.8528,4.58,1,1,1,0,1,1,1,1,1,1,1,1,0,1,1,1,1,1,1,1
2015-01,216585.0,321630.453,6272.0,1171697.0,0.0,734346.0,79581.0,1347041.0,66621.0,0.0,119999.937,1648475.14,6287.742,6350.0,3370.0,4899.575,322661.181,112609.71,18715.909,31662.68,314022.4,385899.5,45143.5,18867.5,17819.8,199106.4,2084117.6,2802480.0,193430.1,180100.2,1633067.4,20530.6,32650.9,46827.6,7690.4,660292.2,173715.9,73057.8,36415.8,1049280.0,1.6248,0.8393,0.5729,2.7525,9.7955,3.8761,0.0114,0.0067,0.3678,39.7729,0.1319,1.0059,4.1119,1.0116,0.3885,0.0054,0.1189,8.2402,3.9036,4.6214,1,1,1,0,1,1,1,1,0,1,1,1,1,1,1,1,1,1,1,1
2015-02,217685.0,325589.222,6222.0,1166527.0,0.0,743244.0,80564.0,1363510.0,66620.0,0.0,122138.198,1653497.94,6258.039,6350.0,3401.0,4899.575,325183.623,115503.17,18706.991,31796.78,314022.4,385899.5,45143.5,18867.5,17819.8,199106.4,2084117.6,2802480.0,193430.1,180100.2,1633067.4,20530.6,32650.9,46827.6,7690.4,660292.2,173715.9,73057.8,36415.8,1049280.0,1.7179,0.9888,0.6145,3.8444,9.7243,3.9305,0.008,0.0072,0.3729,38.216,0.153,1.0396,3.7619,0.4189,6.76,0.0069,0.1309,8.1678,3.7876,3.7492,1,1,1,0,1,1,1,1,0,1,1,1,1,1,1,1,1,1,1,1
2015-03,218785.0,312277.335,6233.0,1164148.0,0.0,752008.0,83564.0,1381751.0,66575.0,0.0,123169.464,1671882.33,6338.257,6350.0,3431.0,5067.862,333886.13,112657.48,18609.941,31965.941,314022.4,385899.5,45143.5,18867.5,17819.8,199106.4,2084117.6,2802480.0,193430.1,180100.2,1633067.4,20530.6,32650.9,46827.6,7690.4,660292.2,173715.9,73057.8,36415.8,1049280.0,1.7182,0.9889,0.6146,3.91,9.7256,3.9311,0.008,0.0072,0.373,38.218,0.1531,1.0398,3.7625,0.419,6.761,0.0069,0.1309,8.169,3.7882,3.7498,1,1,1,0,1,1,1,1,0,1,1,1,1,1,1,1,1,1,1,1
2015-04,219940.0,315078.39,6214.0,1159586.0,0.0,742963.0,83564.0,1381774.0,66582.0,0.0,123213.787,1683369.73,6243.999,6350.0,3461.0,5067.862,324197.039,112084.23,18698.419,32110.641,314022.4,385899.5,45143.5,18867.5,17819.8,199106.4,2084117.6,2802480.0,193430.1,180100.2,1633067.4,20530.6,32650.9,46827.6,7690.4,660292.2,173715.9,73057.8,36415.8,1049280.0,1.6022,1.0337,0.5806,5.6777,8.5448,4.282,0.002,0.0168,0.3601,36.8413,0.1497,0.9737,3.6284,0.4675,5.2803,0.0079,0.134,9.0288,4.0282,4.3489,1,1,1,0,1,1,1,1,0,1,1,1,1,1,1,1,1,1,1,1
2015-05,220990.0,318582.573,7225.0,1169764.0,0.0,750584.0,83562.0,1399106.0,66597.0,0.0,124002.851,1703590.87,6291.999,6350.0,3491.0,5067.862,328013.901,115515.99,18639.386,32276.741,314022.4,385899.5,45143.5,18867.5,17819.8,199106.4,2084117.6,2802480.0,193430.1,180100.2,1633067.4,20530.6,32650.9,46827.6,7690.4,660292.2,173715.9,73057.8,36415.8,1049280.0,0.6445,1.0002,0.6574,5.8954,6.4829,4.4319,0.0017,0.0174,0.3522,37.2924,0.1568,0.9658,4.0313,0.4598,5.7919,0.0104,0.1472,10.0208,5.1393,4.3687,1,1,1,0,1,1,1,1,0,1,1,1,1,1,1,1,1,1,1,1
2015-06,225979.0,322094.094,6471.0,1166707.0,0.0,763749.0,83562.0,1417098.0,66600.0,0.0,124382.339,1688367.28,6348.033,6350.0,3541.0,5087.98,332901.76,114636.51,18739.425,32429.041,314022.4,385899.5,45143.5,18867.5,17819.8,199106.4,2084117.6,2802480.0,193430.1,180100.2,1633067.4,20530.6,32650.9,46827.6,7690.4,660292.2,173715.9,73057.8,36415.8,1049280.0,0.5963,0.9701,0.6244,5.4544,6.5233,4.9061,0.0015,0.0176,0.3563,36.9424,0.1538,0.8777,3.9256,0.5729,11.1466,0.0103,0.137,10.0186,8.1658,4.5495,1,1,1,0,1,1,1,1,0,1,1,1,1,1,1,1,1,1,1,1
2015-07,216997.0,325487.733,6502.0,1158983.0,0.0,756033.0,78562.0,1402314.0,63112.0,0.0,124526.166,1689306.26,6420.033,6350.0,3571.0,5087.98,324667.369,117679.57,19980.55,32411.491,314022.4,385899.5,45143.5,18867.5,17819.8,199106.4,2084117.6,2802480.0,193430.1,180100.2,1633067.4,20530.6,32650.9,46827.6,7690.4,660292.2,173715.9,73057.8,36415.8,1049280.0,0.2582,0.7318,0.4966,4.7062,5.7763,4.9549,0.0023,0.0182,0.3247,37.2927,0.1099,0.8477,2.9963,0.5227,14.1757,0.0072,0.1046,10.2452,6.7548,3.2037,1,1,1,0,1,1,1,1,0,1,1,1,1,1,1,1,1,1,1,1
2015-08,218157.0,325477.924,6532.0,1171008.0,0.0,765063.0,78562.0,1405706.0,59923.0,0.0,123884.027,1676085.17,6416.27,6250.0,3571.0,5089.988,324043.351,118469.03,20280.58,32411.491,314022.4,385899.5,45143.5,18867.5,17819.8,199106.4,2084117.6,2802480.0,193430.1,180100.2,1633067.4,20530.6,32650.9,46827.6,7690.4,660292.2,173715.9,73057.8,36415.8,1049280.0,0.2553,0.811,0.5203,4.4242,6.0486,5.6153,0.0023,0.019,0.3774,35.6737,0.1242,0.8905,3.0509,0.4916,3.9047,0.0078,0.1099,9.8466,7.0392,3.11,1,1,1,0,1,1,1,1,0,1,1,1,1,1,1,1,1,1,1,1
2015-09,219530.0,318207.263,6513.0,1170929.0,0.0,777837.0,80962.0,1420792.0,59915.0,0.0,124937.139,1686814.16,6598.303,6250.0,4018.0,5089.988,325366.252,122802.74,20555.58,32411.491,314022.4,385899.5,45143.5,18867.5,17819.8,199106.4,2084117.6,2802480.0,193430.1,180100.2,1633067.4,20530.6,32650.9,46827.6,7690.4,660292.2,173715.9,73057.8,36415.8,1049280.0,0.2569,0.7743,0.494,4.4468,6.0507,6.2007,0.0023,0.0183,0.3695,32.7483,0.1212,0.9809,2.6059,0.4805,5.4852,0.0069,0.0976,9.287,5.2236,2.9323,1,1,1,0,1,1,1,1,0,1,1,1,1,1,1,1,1,1,1,1
2015-10,220883.0,321900.089,6541.0,1168349.0,0.0,773462.0,81962.0,1410050.0,59741.0,0.0,125635.989,1709692.9,8209.303,6250.0,4068.0,5123.617,328068.32,119497.29,20650.276,32554.838,314022.4,385899.5,45143.5,18867.5,17819.8,199106.4,2084117.6,2802480.0,193430.1,180100.2,1633067.4,20530.6,32650.9,46827.6,7690.4,660292.2,173715.9,73057.8,36415.8,1049280.0,0.2569,0.7743,0.494,4.4468,6.0507,6.2007,0.0023,0.0183,0.3695,32.7483,0.1212,0.9809,2.6059,0.4805,5.4852,0.0069,0.0976,9.287,5.2236,2.9323,1,1,1,0,1,1,1,1,0,1,1,1,1,1,1,1,1,1,1,1
2015-11,222229.0,324538.961,6125.0,1180790.0,0.0,777150.0,82963.0,1410345.0,59744.0,0.0,125448.659,1709108.91,8289.303,6250.0,4068.0,5157.813,331633.931,120446.5,20588.394,32715.838,314022.4,385899.5,45143.5,18867.5,17819.8,199106.4,2084117.6,2802480.0,193430.1,180100.2,1633067.4,20530.6,32650.9,46827.6,7690.4,660292.2,173715.9,73057.8,36415.8,1049280.0,0.169,0.732,0.5238,5.2163,5.8091,4.7159,0.0047,0.0106,0.3988,35.3335,0.1268,1.1204,2.9273,0.4304,3.6322,0.0042,0.095,8.3761,3.1391,2.9724,1,1,1,0,1,1,1,1,0,1,1,1,1,1,1,1,1,1,1,1
2015-12,223334.0,324610.999,5710.0,1171058.0,0.0,781370.0,82963.0,1413373.0,59746.0,0.0,125181.289,1669173.63,8286.827,6250.0,4522.0,5025.589,331093.926,120951.66,20082.619,32491.302,314022.4,385899.5,45143.5,18867.5,17819.8,199106.4,2084117.6,2802480.0,193430.1,180100.2,1633067.4,20530.6,32650.9,46827.6,7690.4,660292.2,173715.9,73057.8,36415.8,1049280.0,0.169,0.7321,0.5239,5.193,5.8098,4.7165,0.0047,0.0106,0.3988,35.3351,0.1268,1.1206,2.9277,0.4392,3.6327,0.0042,0.095,8.377,3.1395,2.9728,1,1,1,0,1,1,1,1,0,1,1,1,1,1,1,1,1,1,1,1
2016-01,224622.0,329605.193,5952.0,1160256.0,0.0,779437.0,84465.0,1466604.0,59744.0,0.0,128107.416,1687893.26,8256.827,6250.0,4369.0,5025.589,329188.926,125426.66,20082.644,33753.402,323629.0,396358.6,45044.4,18564.2,19073.6,203515.4,2125182.9,2896834.0,183784.6,201105.7,1642134.0,21765.1,34606.3,49175.6,8362.3,671522.8,173622.4,75387.7,36904.4,1051273.4,0.169,0.7321,0.5239,5.193,5.8098,4.7165,0.0047,0.0106,0.3988,35.3351,0.1268,1.1206,2.9277,0.4392,3.6327,0.0042,0.095,8.377,3.1395,2.9728,1,1,1,0,1,1,1,1,0,1,1,1,1,1,1,1,1,1,1,1
2016-02,230425.0,329423.016,5796.0,1162305.0,0.0,786927.0,84465.0,1461342.0,59744.0,0.0,128867.265,1712104.2,7263.918,6250.0,4399.0,5225.322,326368.843,123760.24,19126.924,31542.03,323629.0,396358.6,45044.4,18564.2,19073.6,203515.4,2125182.9,2896834.0,183784.6,201105.7,1642134.0,21765.1,34606.3,49175.6,8362.3,671522.8,173622.4,75387.7,36904.4,1051273.4,0.2674,0.6556,0.4786,5.5253,6.8136,4.0345,0.017,0.0109,0.3537,37.2559,0.1042,1.1216,3.2716,0.9241,3.3283,0.0038,0.0918,7.4961,2.6119,3.849,1,1,1,0,1,1,1,1,0,1,1,1,1,1,1,1,1,1,1,1
2016-03,231461.0,323268.834,5763.0,1163760.0,0.0,800310.0,88465.0,1480953.0,59725.0,0.0,127393.43,1727795.42,7358.918,6250.0,4429.0,5155.439,330711.841,126529.65,20751.95,32030.454,323629.0,396358.6,45044.4,18564.2,19073.6,203515.4,2125182.9,2896834.0,183784.6,201105.7,1642134.0,21765.1,34606.3,49175.6,8362.3,671522.8,173622.4,75387.7,36904.4,1051273.4,0.1884,0.5489,0.5812,4.6032,6.4051,2.8856,0.0124,0.0113,0.353,32.6983,0.0904,0.8173,3.3956,0.7562,5.4373,0.0035,0.0923,7.8516,1.3515,3.1043,1,1,1,0,1,1,1,1,0,1,1,1,1,1,1,1,1,1,1,1
2016-04,232544.0,326757.544,5773.0,1144886.0,0.0,783676.0,81965.0,1474155.0,59673.0,0.0,120862.598,1732742.8,7423.918,6250.0,4459.0,5235.439,319286.778,128279.65,20316.461,32506.354,323629.0,396358.6,45044.4,18564.2,19073.6,203515.4,2125182.9,2896834.0,183784.6,201105.7,1642134.0,21765.1,34606.3,49175.6,8362.3,671522.8,173622.4,75387.7,36904.4,1051273.4,0.179,0.5209,0.5338,4.2347,6.3626,3.2757,0.0326,0.0145,0.3648,32.1041,0.0906,0.5221,3.5187,0.5662,5.7997,0.0029,0.1126,7.4537,1.1479,3.33,1,1,1,0,1,1,1,1,0,1,1,1,1,1,1,1,1,1,1,1
2016-05,233637.0,332856.418,5790.0,1159203.0,0.0,792561.0,81957.0,1492432.0,59439.0,0.0,121115.323,1741612.54,7415.857,6250.0,5129.0,5235.439,321977.485,130343.92,21502.042,33121.214,323629.0,396358.6,45044.4,18564.2,19073.6,203515.4,2125182.9,2896834.0,183784.6,201105.7,1642134.0,21765.1,34606.3,49175.6,8362.3,671522.8,173622.4,75387.7,36904.4,1051273.4,0.1762,0.4408,0.5713,3.6091,4.4563,3.0118,0.0339,0.0155,0.3871,31.4227,0.0847,0.5593,3.4313,0.5329,14.2592,0.0031,0.107,7.1816,1.0706,3.263,1,1,1,0,1,1,1,1,0,1,1,1,1,1,1,1,1,1,1,1
2016-06,234807.0,337010.107,5779.0,1155317.0,0.0,803769.0,82957.0,1509407.0,59414.0,0.0,121111.013,1755783.26,7495.804,6250.0,5159.0,5235.439,326365.596,131516.32,21502.042,33543.959,323629.0,396358.6,45044.4,18564.2,19073.6,203515.4,2125182.9,2896834.0,183784.6,201105.7,1642134.0,21765.1,34606.3,49175.6,8362.3,671522.8,173622.4,75387.7,36904.4,1051273.4,0.1681,0.4597,0.4322,3.1571,5.7062,2.6563,0.0412,0.0147,0.4116,35.7261,0.0846,0.6228,3.2763,0.5369,11.4431,0.0032,0.1125,7.9153,1.4595,2.6051,1,1,1,0,1,1,1,1,0,1,1,1,1,1,1,1,1,1,1,1
2016-07,236014.0,340439.796,6705.0,1145878.0,0.0,800491.0,82957.0,1496759.0,56872.0,0.0,120694.659,1758764.11,7555.782,6250.0,5054.0,5236.173,315478.122,129662.19,21502.042,33528.369,323629.0,396358.6,45044.4,18564.2,19073.6,203515.4,2125182.9,2896834.0,183784.6,201105.7,1642134.0,21765.1,34606.3,49175.6,8362.3,671522.8,173622.4,75387.7,36904.4,1051273.4,0.1666,0.4569,0.4342,3.1722,5.5467,2.6644,0.0404,0.0168,0.4146,35.3045,0.0829,0.6006,3.2815,0.5322,11.4242,0.0032,0.1124,7.8985,1.453,2.5577,1,1,1,0,1,1,1,1,0,1,1,1,1,1,1,1,1,1,1,1
2016-08,236594.0,340431.513,6758.0,1158184.0,0.0,804164.0,82957.0,1502984.0,56875.0,0.0,120657.42,1729457.02,7640.74,6250.0,5084.0,5236.963,315378.122,130649.35,21502.042,33519.895,323629.0,396358.6,45044.4,18564.2,19073.6,203515.4,2125182.9,2896834.0,183784.6,201105.7,1642134.0,21765.1,34606.3,49175.6,8362.3,671522.8,173622.4,75387.7,36904.4,1051273.4,0.189,0.5602,0.3961,2.4335,5.9276,2.7271,0.012,0.0182,0.4318,37.9023,0.0925,1.3912,3.3734,0.7468,7.5908,0.0044,0.1316,7.8976,1.232,2.8184,1,1,1,0,1,1,1,1,0,1,1,1,1,1,1,1,1,1,1,1
2016-09,226479.0,331961.54,6793.0,1160664.0,0.0,810791.0,85957.0,1517077.0,56707.0,0.0,121196.194,1723542.36,8150.721,6250.0,5126.0,5236.963,318662.122,128617.15,22502.042,33787.547,323629.0,396358.6,45044.4,18564.2,19073.6,203515.4,2125182.9,2896834.0,183784.6,201105.7,1642134.0,21765.1,34606.3,49175.6,8362.3,671522.8,173622.4,75387.7,36904.4,1051273.4,0.1841,0.5842,0.4049,2.2112,5.0209,2.5993,0.0123,0.0153,0.415,38.9016,0.0937,1.2795,2.972,0.732,8.5898,0.0059,0.1216,6.9911,0.887,3.2062,1,1,1,0,1,1,1,1,0,1,1,1,1,1,1,1,1,1,1,1
2016-10,237138.0,333766.987,6770.0,1154564.0,0.0,800139.0,86958.0,1506454.0,56708.0,0.0,122218.874,1735891.2,8081.824,6250.0,5806.0,5396.196,320323.122,125550.08,22441.542,34166.793,323629.0,396358.6,45044.4,18564.2,19073.6,203515.4,2125182.9,2896834.0,183784.6,201105.7,1642134.0,21765.1,34606.3,49175.6,8362.3,671522.8,173622.4,75387.7,36904.4,1051273.4,0.1835,0.718,0.4007,2.1532,5.0079,2.9308,0.0101,0.0094,0.4068,38.3467,0.0876,0.8709,2.7219,0.8742,4.4595,0.0056,0.1,5.722,0.772,3.0062,1,1,1,0,1,1,1,1,0,1,1,1,1,1,1,1,1,1,1,1
2016-11,242115.0,336703.029,6768.0,1165821.0,0.0,805217.0,87958.0,1507407.0,56713.0,0.0,122296.804,1743998.04,8169.267,6250.0,5806.0,5209.845,321797.984,127550.24,21941.542,33484.81,323629.0,396358.6,45044.4,18564.2,19073.6,203515.4,2125182.9,2896834.0,183784.6,201105.7,1642134.0,21765.1,34606.3,49175.6,8362.3,671522.8,173622.4,75387.7,36904.4,1051273.4,0.2079,0.7828,0.3775,2.1384,4.7362,3.0779,0.0106,0.0102,0.3846,38.7497,0.0853,0.863,3.1028,0.7252,8.571,0.0056,0.1065,5.2342,0.7431,2.9728,1,1,1,0,1,1,1,1,0,1,1,1,1,1,1,1,1,1,1,1
2016-12,241224.0,334636.801,6475.0,1153258.0,0.0,809290.0,87958.0,1510448.0,56717.0,0.0,121840.624,1735420.06,8189.265,6250.0,5836.0,5206.454,321639.872,126993.55,21435.742,32957.532,323629.0,396358.6,45044.4,18564.2,19073.6,203515.4,2125182.9,2896834.0,183784.6,201105.7,1642134.0,21765.1,34606.3,49175.6,8362.3,671522.8,173622.4,75387.7,36904.4,1051273.4,0.4061,0.7527,0.4533,2.3928,5.395,3.5872,0.0211,0.013,0.3515,35.2098,0.0891,1.2133,3.3203,0.9817,4.9461,0.0055,0.1155,5.5143,1.0171,4.0459,1,1,1,0,1,1,1,1,0,1,1,1,1,1,1,1,1,1,1,1
2017-01,243238.0,340540.993,6690.0,1146529.0,0.0,805802.0,87958.0,1534721.0,56716.0,0.0,126082.029,1759368.92,8229.258,6250.0,5823.0,5206.454,313858.918,129243.31,22735.742,30949.128,333128.7,406302.9,45405.9,18395.3,20163.1,207127.8,2159118.5,2986494.0,177979.2,221668.3,1651632.9,22860.2,36157.2,51552.5,9128.6,684355.2,175634.9,77386.1,37550.6,1062128.8,0.3816,0.7431,0.4529,2.4561,5.5046,3.9238,0.0201,0.0151,0.3332,33.6427,0.0856,1.1178,3.5361,1.0044,2.704,0.0054,0.1147,7.0677,0.9962,3.7846,1,1,1,0,1,1,1,1,0,1,1,1,1,1,1,1,1,1,1,1
2017-02,235288.0,346539.377,6605.0,1136346.0,0.0,816631.0,92458.0,1534057.0,56718.0,0.0,126752.844,1748615.27,8134.476,8250.0,6473.0,5389.324,317996.798,130200.67,22735.742,31328.843,333128.7,406302.9,45405.9,18395.3,20163.1,207127.8,2159118.5,2986494.0,177979.2,221668.3,1651632.9,22860.2,36157.2,51552.5,9128.6,684355.2,175634.9,77386.1,37550.6,1062128.8,0.2541,0.6549,0.4,2.2164,5.0063,3.9475,0.0184,0.0126,0.3138,29.5928,0.0771,0.5795,3.2421,0.9909,4.2583,0.0037,0.0977,8.3518,0.9436,3.152,1,1,1,0,1,1,1,1,0,1,1,1,1,1,1,1,1,1,1,1
2017-03,233118.0,339317.779,6610.0,1143352.0,0.0,829799.0,93458.0,1550165.0,56257.0,0.0,127426.98,1767633.42,8151.48,8250.0,6503.0,5389.324,318919.706,131128.18,23246.948,33548.149,333128.7,406302.9,45405.9,18395.3,20163.1,207127.8,2159118.5,2986494.0,177979.2,221668.3,1651632.9,22860.2,36157.2,51552.5,9128.6,684355.2,175634.9,77386.1,37550.6,1062128.8,0.2151,0.6608,0.4329,2.3691,5.5321,4.5011,0.0172,0.0137,0.3669,31.198,0.0834,0.5196,3.5021,0.7439,2.9872,0.0041,0.1024,8.6342,0.6882,3.1856,1,1,1,0,1,1,1,1,0,1,1,1,1,1,1,1,1,1,1,1
2017-04,238913.0,341818.694,6514.0,1140306.0,0.0,818886.0,89958.0,1539678.0,54859.0,0.0,129501.64,1775613.25,8220.49,8250.0,6503.0,5389.324,310822.697,133479.58,22977.032,33067.467,333128.7,406302.9,45405.9,18395.3,20163.1,207127.8,2159118.5,2986494.0,177979.2,221668.3,1651632.9,22860.2,36157.2,51552.5,9128.6,684355.2,175634.9,77386.1,37550.6,1062128.8,0.198,0.638,0.3879,2.1403,4.8134,4.2815,0.0281,0.0083,0.3462,30.3013,0.08,0.3512,3.2267,0.6838,2.0787,0.0034,0.091,8.7548,0.6667,2.769,1,1,1,0,1,1,1,1,0,1,1,1,1,1,1,1,1,1,1,1
2017-05,238402.0,344913.545,6517.0,1155229.0,0.0,831394.0,89958.0,1564258.0,54870.0,0.0,128882.038,1781564.17,9596.5,8250.0,6520.0,5389.324,312714.697,134650.34,24977.032,32394.599,333128.7,406302.9,45405.9,18395.3,20163.1,207127.8,2159118.5,2986494.0,177979.2,221668.3,1651632.9,22860.2,36157.2,51552.5,9128.6,684355.2,175634.9,77386.1,37550.6,1062128.8,0.2054,0.7037,0.4084,2.5041,4.9634,4.3407,0.0249,0.0085,0.379,30.3703,0.0831,0.3626,3.309,0.7247,2.4733,0.0033,0.1039,9.5451,0.6655,2.88,1,1,1,0,1,1,1,1,0,1,1,1,1,1,1,1,1,1,1,1
2017-06,240024.0,335691.837,6827.0,1149564.0,0.0,841797.0,89958.0,1572486.0,54875.0,0.0,129323.638,1782649.7,9572.268,8250.0,6883.0,5389.324,315031.665,136000.4,24977.032,32756.82,333128.7,406302.9,45405.9,18395.3,20163.1,207127.8,2159118.5,2986494.0,177979.2,221668.3,1651632.9,22860.2,36157.2,51552.5,9128.6,684355.2,175634.9,77386.1,37550.6,1062128.8,0.1636,0.7592,0.2905,2.5885,6.9861,3.4849,0.0186,0.0086,0.3395,28.2464,0.0761,0.3249,2.9625,0.6887,2.3421,0.0031,0.098,9.1056,0.7948,2.2592,1,1,1,0,1,1,1,1,0,1,1,1,1,1,1,1,1,1,1,1
2017-07,238523.0,335690.989,6830.0,1138324.0,0.0,839448.0,89958.0,1558025.0,48907.0,0.0,130201.823,1803634.37,9632.278,8250.0,6883.0,5390.421,303953.656,137131.03,24977.032,32757.152,333128.7,406302.9,45405.9,18395.3,20163.1,207127.8,2159118.5,2986494.0,177979.2,221668.3,1651632.9,22860.2,36157.2,51552.5,9128.6,684355.2,175634.9,77386.1,37550.6,1062128.8,0.1617,0.7648,0.2714,1.8494,5.0544,2.7998,0.065,0.0114,0.2719,25.3309,0.0667,0.2369,2.9233,0.5083,3.1408,0.0031,0.0794,6.7674,0.6119,1.734,1,1,1,0,1,1,1,1,0,1,1,1,1,1,1,1,1,1,1,1
2017-08,241253.0,338490.573,6835.0,1156569.0,0.0,843698.0,89958.0,1565102.0,50332.0,0.0,129540.747,1780678.29,9519.288,8250.0,6883.0,5392.688,303953.65,138190.49,24977.032,32757.484,333128.7,406302.9,45405.9,18395.3,20163.1,207127.8,2159118.5,2986494.0,177979.2,221668.3,1651632.9,22860.2,36157.2,51552.5,9128.6,684355.2,175634.9,77386.1,37550.6,1062128.8,0.1564,0.7648,0.2714,1.8491,4.1531,2.4274,0.0145,0.0105,0.1968,19.4119,0.0533,0.2333,0.2488,4.3011,3.1408,0.0029,0.0522,0.3344,0.5045,1.734,1,1,1,0,1,1,1,1,1,1,1,1,1,1,1,1,1,1,1,1
2017-09,244827.0,333300.268,6822.0,1155233.0,0.0,848390.0,86958.0,1586075.0,50326.0,0.0,130219.42,1786306.58,9529.256,8250.0,6883.0,5367.688,305773.65,138302.74,25677.032,33068.706,333128.7,406302.9,45405.9,18395.3,20163.1,207127.8,2159118.5,2986494.0,177979.2,221668.3,1651632.9,22860.2,36157.2,51552.5,9128.6,684355.2,175634.9,77386.1,37550.6,1062128.8,0.1511,0.5184,0.2332,1.8621,3.8846,2.3279,0.0125,0.0075,0.25,19.7343,0.0715,0.221,2.2605,0.4511,3.1619,0.0028,0.0441,2.8269,0.5053,1.7462,1,1,1,0,1,1,1,1,1,1,1,1,1,1,1,1,1,1,1,1
2017-10,244822.0,336528.898,6828.0,1150669.0,0.0,842025.0,87958.0,1569000.0,50302.0,0.0,127697.621,1794026.72,9599.226,8250.0,6903.0,5367.688,311863.816,133528.99,24403.988,34287.86,333128.7,406302.9,45405.9,18395.3,20163.1,207127.8,2159118.5,2986494.0,177979.2,221668.3,1651632.9,22860.2,36157.2,51552.5,9128.6,684355.2,175634.9,77386.1,37550.6,1062128.8,0.1299,0.4936,0.3075,1.7935,3.5225,2.3926,0.0081,0.2006,0.1746,16.2256,0.0495,0.1816,2.3216,0.4165,2.6274,0.0002,0.053,2.5456,0.4614,1.4764,1,1,1,0,1,1,1,1,1,1,1,1,1,1,1,1,1,1,1,1
2017-11,247038.0,336528.487,6837.0,1166449.0,0.0,852694.0,88953.0,1580511.0,50307.0,0.0,128383.561,1779732.27,10239.317,8250.0,6927.0,5103.835,313920.808,134778.04,24403.988,34525.611,333128.7,406302.9,45405.9,18395.3,20163.1,207127.8,2159118.5,2986494.0,177979.2,221668.3,1651632.9,22860.2,36157.2,51552.5,9128.6,684355.2,175634.9,77386.1,37550.6,1062128.8,0.1473,0.466,0.3594,1.7577,4.7718,2.5014,0.0063,0.2117,0.1896,17.3546,0.0511,0.211,2.4695,0.3145,1.0321,0.0002,0.0557,3.0186,0.4808,1.4775,1,1,1,0,1,1,1,1,1,1,1,1,1,1,1,1,1,1,1,1
2017-12,247017.0,336500.225,6853.0,1159546.0,0.0,860118.0,88953.0,1583083.0,50457.0,0.0,127979.16,1778527.86,10284.327,8250.0,6938.0,5093.496,313819.743,135663.94,23852.388,34525.974,333128.7,406302.9,45405.9,18395.3,20163.1,207127.8,2159118.5,2986494.0,177979.2,221668.3,1651632.9,22860.2,36157.2,51552.5,9128.6,684355.2,175634.9,77386.1,37550.6,1062128.8,0.1594,0.4216,0.3677,1.8743,3.9686,2.5584,0.0056,0.2135,0.1815,17.1096,0.0533,0.2288,2.5283,0.3322,1.1274,0.0002,0.0558,3.0596,0.5384,1.6339,1,1,1,0,1,1,1,1,1,1,1,1,1,1,1,1,1,1,1,1
2018-01,241949.0,341516.119,6771.0,1151723.0,0.0,861182.0,88953.0,1602337.0,50458.0,0.0,132047.739,1791519.67,10399.242,8250.0,6737.0,5093.496,303008.315,139558.94,25352.388,34668.002,343269.8,417397.4,46473.2,18558.7,21409.0,211993.4,2199797.3,3093260.0,176275.1,248017.1,1673951.8,23809.4,37964.0,53881.0,10139.9,702881.0,181029.0,79632.7,38889.0,1088940.8,0.1764,0.3796,0.3339,1.8669,3.8587,2.3663,0.0063,0.2003,0.1881,17.8381,0.0495,0.2295,2.4461,0.3582,0.5873,0.0002,0.0499,2.8911,0.5625,1.7474,1,1,1,0,1,1,1,1,1,1,1,1,1,1,1,1,1,1,1,1
2018-02,243341.0,341515.493,6781.0,1148219.0,0.0,878288.0,91953.0,1602054.0,53462.0,0.0,132745.262,1792856.6,9154.405,8250.0,6757.0,5093.496,302388.31,140766.33,25352.388,34840.03,343269.8,417397.4,46473.2,18558.7,21409.0,211993.4,2199797.3,3093260.0,176275.1,248017.1,1673951.8,23809.4,37964.0,53881.0,10139.9,702881.0,181029.0,79632.7,38889.0,1088940.8,0.1773,0.3622,0.3185,1.8773,3.9086,2.3773,0.0061,0.2006,0.1764,20.2548,0.0464,0.2412,2.4688,0.3958,0.5902,0.0002,0.0486,2.8565,0.5098,1.7557,1,1,1,0,1,1,1,1,1,1,1,1,1,1,1,1,1,1,1,1
2018-03,244391.0,339096.242,6789.0,1149836.0,0.0,886783.0,91953.0,1612473.0,53451.0,0.0,133263.862,1807982.1,9139.72,8250.0,6397.0,5093.496,307460.249,141819.57,25602.388,35017.934,343269.8,417397.4,46473.2,18558.7,21409.0,211993.4,2199797.3,3093260.0,176275.1,248017.1,1673951.8,23809.4,37964.0,53881.0,10139.9,702881.0,181029.0,79632.7,38889.0,1088940.8,0.1958,0.3496,0.3138,1.6962,3.7823,2.4033,0.0056,0.2009,0.1859,20.3872,0.0477,0.2564,2.3137,0.4091,1.2013,0.0002,0.0489,2.8192,0.5341,1.5304,1,1,1,0,1,1,1,1,1,1,1,1,1,1,1,1,1,1,1,1
2018-04,245520.0,343475.115,9145.0,1129397.0,0.0,878683.0,92954.0,1606786.0,53453.0,0.0,137263.294,1820156.98,9244.667,8250.0,6437.0,4971.738,297335.234,144804.57,25546.097,35207.513,343269.8,417397.4,46473.2,18558.7,21409.0,211993.4,2199797.3,3093260.0,176275.1,248017.1,1673951.8,23809.4,37964.0,53881.0,10139.9,702881.0,181029.0,79632.7,38889.0,1088940.8,0.1535,0.325,0.2777,1.4904,3.2315,2.1658,0.0063,0.2047,0.1673,19.337,0.0415,0.2162,2.0038,0.3647,1.0244,0.0006,0.045,2.4476,0.4448,1.2971,1,1,1,0,1,1,1,1,1,1,1,1,1,1,1,1,1,1,1,1
2018-05,246651.0,340975.06,9155.0,1142254.0,0.0,888136.0,92954.0,1610966.0,53406.0,0.0,137813.611,1833802.53,9119.619,8250.0,7106.0,4971.738,299135.234,146011.57,25546.097,35330.905,343269.8,417397.4,46473.2,18558.7,21409.0,211993.4,2199797.3,3093260.0,176275.1,248017.1,1673951.8,23809.4,37964.0,53881.0,10139.9,702881.0,181029.0,79632.7,38889.0,1088940.8,0.1221,0.3324,0.2792,1.4138,3.2706,2.2697,0.0064,0.2074,0.1688,21.0788,0.0377,0.3148,2.0832,0.3869,1.94,0.0006,0.0467,2.5757,0.4703,1.3197,1,1,1,0,1,1,1,1,1,1,1,1,1,1,1,1,1,1,1,1
2018-06,248086.0,333308.522,9156.0,1138342.0,0.0,897841.0,93940.0,1633778.0,53410.0,0.0,137450.945,1830282.57,9204.589,8250.0,7127.0,4965.196,301607.219,140369.13,25546.097,36898.219,343269.8,417397.4,46473.2,18558.7,21409.0,211993.4,2199797.3,3093260.0,176275.1,248017.1,1673951.8,23809.4,37964.0,53881.0,10139.9,702881.0,181029.0,79632.7,38889.0,1088940.8,0.0854,0.3234,0.2781,1.5714,3.0131,2.2142,0.0058,0.2089,0.1603,21.121,0.0388,0.202,1.9623,0.4061,1.9274,0.0006,0.044,2.2798,0.4487,1.1308,1,1,1,0,1,1,1,1,1,1,1,1,1,1,1,1,1,1,1,1
2018-07,248406.0,337020.578,10002.0,1129555.0,0.0,893851.0,93940.0,1647835.0,51547.0,0.0,137831.416,1848190.41,9279.59,8250.0,7147.0,4802.399,291245.199,142295.17,25546.097,36895.752,343269.8,417397.4,46473.2,18558.7,21409.0,211993.4,2199797.3,3093260.0,176275.1,248017.1,1673951.8,23809.4,37964.0,53881.0,10139.9,702881.0,181029.0,79632.7,38889.0,1088940.8,0.0866,0.2848,0.2949,1.5688,3.1526,2.1698,0.0254,0.2511,0.1577,19.5387,0.0381,0.219,2.004,0.3742,3.433,0.0006,0.0434,2.3033,0.437,1.1328,1,1,1,0,1,1,1,1,1,1,1,1,1,1,1,1,1,1,1,1
2018-08,248406.0,337019.022,10009.0,1141901.0,0.0,898835.0,93940.0,1650813.0,51513.0,0.0,138057.215,1834723.29,9373.555,8250.0,7147.0,4802.399,291245.173,142234.67,25546.097,36896.161,343269.8,417397.4,46473.2,18558.7,21409.0,211993.4,2199797.3,3093260.0,176275.1,248017.1,1673951.8,23809.4,37964.0,53881.0,10139.9,702881.0,181029.0,79632.7,38889.0,1088940.8,0.0878,0.3329,0.3019,1.3483,3.1607,2.2076,0.0262,0.2663,0.1621,19.7813,0.0406,0.2096,2.037,0.3599,3.3829,0.0005,0.046,2.6827,0.557,1.2511,1,1,1,0,1,1,1,1,1,1,1,1,1,1,1,1,1,1,1,1
2018-09,249170.0,341043.315,11441.0,1139759.0,0.0,910608.0,91589.0,1670252.0,51509.0,0.0,138416.201,1841227.74,9483.532,8250.0,7510.0,4732.049,294240.173,143023.17,25546.097,37100.312,343269.8,417397.4,46473.2,18558.7,21409.0,211993.4,2199797.3,3093260.0,176275.1,248017.1,1673951.8,23809.4,37964.0,53881.0,10139.9,702881.0,181029.0,79632.7,38889.0,1088940.8,0.0937,0.3743,0.2987,1.5234,3.2295,2.1493,0.0266,0.2727,0.1667,19.9821,0.0453,0.1676,2.1605,0.3128,2.4264,0.0005,0.0499,3.0486,0.6956,1.1952,1,1,1,0,1,1,1,1,1,1,1,1,1,1,1,1,1,1,1,1
2018-10,243238.0,342265.305,11262.0,1132794.0,0.0,899986.0,92589.0,1659542.0,51511.0,0.0,131912.295,1846804.57,9400.504,8250.0,7425.0,4732.049,297620.162,143619.51,25547.097,37276.75,343269.8,417397.4,46473.2,18558.7,21409.0,211993.4,2199797.3,3093260.0,176275.1,248017.1,1673951.8,23809.4,37964.0,53881.0,10139.9,702881.0,181029.0,79632.7,38889.0,1088940.8,0.0787,0.3774,0.3032,1.5039,3.7443,2.0832,0.0063,0.5553,0.1747,18.0096,0.0474,0.1612,2.2996,0.3394,1.3281,0.0004,0.0484,2.9552,0.6906,1.0122,1,1,1,0,1,1,1,1,1,1,1,1,1,1,1,1,1,1,1,1
2018-11,243535.0,345729.563,11276.0,1143133.0,48.0,908322.0,93664.0,1658961.0,51517.0,0.0,132848.915,1854174.1,9460.499,8250.0,7466.0,4732.049,298117.156,144518.51,25547.097,34725.984,343269.8,417397.4,46473.2,18558.7,21409.0,211993.4,2199797.3,3093260.0,176275.1,248017.1,1673951.8,23809.4,37964.0,53881.0,10139.9,702881.0,181029.0,79632.7,38889.0,1088940.8,0.099,0.4706,0.3858,1.7048,5.0546,2.8767,0.0096,0.7349,0.2373,20.4253,0.0592,0.2027,3.0031,0.3885,1.6416,0.0004,0.0662,3.7609,0.7379,1.3144,1,1,1,0,1,1,1,1,1,1,1,1,1,1,1,1,1,1,1,1
2018-12,243486.0,345705.359,10791.0,1133822.0,48.0,911816.0,93664.0,1661239.0,51520.0,0.0,132218.295,1828287.39,9495.515,8250.0,7506.0,4852.749,298088.086,143730.81,25547.097,34726.423,343269.8,417397.4,46473.2,18558.7,21409.0,211993.4,2199797.3,3093260.0,176275.1,248017.1,1673951.8,23809.4,37964.0,53881.0,10139.9,702881.0,181029.0,79632.7,38889.0,1088940.8,0.0976,0.4707,0.3922,1.8377,5.0555,4.5979,0.0098,0.735,0.2406,21.3572,0.0674,0.2028,3.2273,0.3885,1.6417,0.0004,0.0688,3.7614,0.7872,1.3147,1,1,1,0,1,1,1,1,1,1,1,1,1,1,1,1,1,1,1,1
2019-01,244750.0,351705.642,10796.0,1121251.0,48.0,914786.0,93664.0,1682271.0,51518.0,0.0,136448.892,1857951.62,9594.551,8250.0,7536.0,4852.749,284943.814,147730.81,27047.097,34970.862,355678.4,430372.5,48119.5,19312.2,22864.0,217675.0,2246799.4,3206770.0,176775.4,278462.6,1705248.5,25040.7,40178.7,56100.8,11249.7,727222.2,187893.4,82759.3,40773.2,1126265.6,0.104,0.392,0.3891,1.8059,5.5293,2.8271,0.0158,0.7166,0.2394,19.7618,0.0618,0.2043,3.1822,0.3911,0.4731,0.0004,0.0614,3.3933,0.4993,1.3958,1,1,1,0,1,1,1,1,1,1,1,1,1,1,1,1,1,1,1,1
2019-02,250996.0,356705.719,11800.0,1119490.0,48.0,924146.0,96664.0,1700739.0,57332.0,0.0,137404.962,1862053.06,9682.583,8250.0,8046.0,4852.749,289891.401,147812.44,25848.539,35180.259,355678.4,430372.5,48119.5,19312.2,22864.0,217675.0,2246799.4,3206770.0,176775.4,278462.6,1705248.5,25040.7,40178.7,56100.8,11249.7,727222.2,187893.4,82759.3,40773.2,1126265.6,0.1176,0.4334,0.3978,1.8026,5.6119,2.9296,0.0191,0.7313,0.249,19.9598,0.062,0.219,3.215,0.3933,0.5892,0.0004,0.0617,3.314,0.4758,1.4399,1,1,1,0,1,1,1,1,1,1,1,1,1,1,1,1,1,1,1,1
2019-03,240926.0,348418.918,11813.0,1119665.0,48.0,936176.0,96664.0,1710443.0,59797.0,0.0,137404.962,1858228.73,9802.619,8250.0,8076.0,4891.999,289741.353,149062.44,25848.539,35254.684,355678.4,430372.5,48119.5,19312.2,22864.0,217675.0,2246799.4,3206770.0,176775.4,278462.6,1705248.5,25040.7,40178.7,56100.8,11249.7,727222.2,187893.4,82759.3,40773.2,1126265.6,0.1176,0.4291,0.3933,1.8042,5.5116,2.4177,0.0191,0.7242,0.2402,19.8809,0.0612,0.208,2.8696,0.3887,0.6354,0.0004,0.0607,2.8474,0.4758,1.326,1,1,1,0,1,1,1,1,1,1,1,1,1,1,1,1,1,1,1,1
2019-04,242043.0,351736.081,11798.0,1112904.0,48.0,926206.0,97664.0,1704499.0,57344.0,0.0,137329.407,1871048.56,9647.653,8250.0,8106.0,4891.999,291428.353,150094.28,25869.039,36500.709,355678.4,430372.5,48119.5,19312.2,22864.0,217675.0,2246799.4,3206770.0,176775.4,278462.6,1705248.5,25040.7,40178.7,56100.8,11249.7,727222.2,187893.4,82759.3,40773.2,1126265.6,0.1176,0.4291,0.3933,1.8042,5.5116,2.4177,0.0191,0.7242,0.2402,19.8809,0.0612,0.208,2.8696,0.3887,0.6354,0.0004,0.0607,2.8474,0.4758,1.326,1,1,1,0,1,1,1,1,1,1,1,1,1,1,1,1,1,1,1,1
2019-05,243420.0,351735.492,13054.0,1129946.0,48.0,934938.0,97664.0,1706271.0,57357.0,0.0,140567.318,1861097.92,9793.689,8250.0,8420.0,4891.999,297263.357,151322.28,25869.039,35509.903,355678.4,430372.5,48119.5,19312.2,22864.0,217675.0,2246799.4,3206770.0,176775.4,278462.6,1705248.5,25040.7,40178.7,56100.8,11249.7,727222.2,187893.4,82759.3,40773.2,1126265.6,0.1176,0.4291,0.3933,1.8042,5.5116,2.4177,0.0191,0.7242,0.2402,19.8809,0.0612,0.208,2.8696,0.3887,0.6354,0.0004,0.0607,2.8474,0.4758,1.326,1,1,1,0,1,1,1,1,1,1,1,1,1,1,1,1,1,1,1,1
2019-06,237502.0,355861.148,12854.0,1127666.0,48.0,948379.0,98636.0,1722772.0,57367.0,0.0,134549.806,1884329.56,11128.714,8250.0,8455.0,4878.329,297263.357,143805.34,25869.039,35776.529,355678.4,430372.5,48119.5,19312.2,22864.0,217675.0,2246799.4,3206770.0,176775.4,278462.6,1705248.5,25040.7,40178.7,56100.8,11249.7,727222.2,187893.4,82759.3,40773.2,1126265.6,0.1176,0.4291,0.3933,1.8042,5.5116,2.4177,0.0191,0.7242,0.2402,19.8809,0.0612,0.208,2.8696,0.3887,0.6354,0.0004,0.0607,2.8474,0.4758,1.326,1,1,1,0,1,1,1,1,1,1,1,1,1,1,1,1,1,1,1,1
2019-07,240598.0,358517.185,12491.0,1111894.0,48.0,937505.0,93636.0,1736751.0,56117.0,0.0,135504.906,1902610.59,11243.74,8250.0,8470.0,4856.879,285086.933,144907.79,26219.039,35776.968,355678.4,430372.5,48119.5,19312.2,22864.0,217675.0,2246799.4,3206770.0,176775.4,278462.6,1705248.5,25040.7,40178.7,56100.8,11249.7,727222.2,187893.4,82759.3,40773.2,1126265.6,0.1176,0.4291,0.3933,1.8042,5.5116,2.4177,0.0191,0.7242,0.2402,19.8809,0.0612,0.208,2.8696,0.3887,0.6354,0.0004,0.0607,2.8474,0.4758,1.326,1,1,1,0,1,1,1,1,1,1,1,1,1,1,1,1,1,1,1,1
2019-08,240497.0,358517.516,12496.0,1129223.0,48.0,942325.0,93636.0,1741834.0,56119.0,0.0,134962.906,1897473.97,11245.766,8250.0,8500.0,4856.879,285086.933,144897.42,26219.039,35777.408,355678.4,430372.5,48119.5,19312.2,22864.0,217675.0,2246799.4,3206770.0,176775.4,278462.6,1705248.5,25040.7,40178.7,56100.8,11249.7,727222.2,187893.4,82759.3,40773.2,1126265.6,0.0797,0.3174,0.3361,1.0507,3.8983,2.0129,0.0065,0.2295,0.193,17.1908,0.0445,0.2602,2.6762,0.3919,0.4782,0.0003,0.0641,3.053,0.4508,1.6868,1,1,1,0,1,1,1,1,1,1,1,1,1,1,1,1,1,1,1,1
2019-09,241445.0,349093.055,12505.0,1127288.0,48.0,949942.0,96636.0,1761579.0,56113.0,0.0,135567.906,1875061.27,11345.791,8250.0,8529.0,4711.89,286525.016,146061.58,26219.039,35993.434,355678.4,430372.5,48119.5,19312.2,22864.0,217675.0,2246799.4,3206770.0,176775.4,278462.6,1705248.5,25040.7,40178.7,56100.8,11249.7,727222.2,187893.4,82759.3,40773.2,1126265.6,0.0914,0.3111,0.3304,1.0916,3.6055,2.0566,0.0059,0.2398,0.1962,16.6825,0.0417,0.3066,2.6409,0.3755,0.4623,0.0003,0.0651,2.7886,0.4145,1.4645,1,1,1,0,1,1,1,1,1,1,1,1,1,1,1,1,1,1,1,1
2019-10,235216.0,349593.292,12859.0,1122425.0,48.0,936397.0,96636.0,1737572.0,55597.0,0.0,131448.984,1875174.4,11406.931,8050.0,8590.0,4714.412,287600.02,146298.58,26228.039,36248.975,355678.4,430372.5,48119.5,19312.2,22864.0,217675.0,2246799.4,3206770.0,176775.4,278462.6,1705248.5,25040.7,40178.7,56100.8,11249.7,727222.2,187893.4,82759.3,40773.2,1126265.6,0.0912,0.2938,0.332,0.935,3.3319,1.9961,0.0074,0.2471,0.198,15.6839,0.042,0.1269,2.5336,0.3322,0.3348,0.0003,0.0597,2.821,0.4225,1.361,1,1,1,0,1,1,1,1,1,1,1,1,1,1,1,1,1,1,1,1
2019-11,236736.0,350962.275,12865.0,1137381.0,48.0,934497.0,97681.0,1732905.0,55600.0,0.0,131078.984,1877951.58,11495.956,9750.0,8526.0,4769.412,289143.016,147254.58,26228.039,36424.901,355678.4,430372.5,48119.5,19312.2,22864.0,217675.0,2246799.4,3206770.0,176775.4,278462.6,1705248.5,25040.7,40178.7,56100.8,11249.7,727222.2,187893.4,82759.3,40773.2,1126265.6,0.0891,0.2939,0.3321,0.8187,3.2299,1.8609,0.0068,0.2502,0.1876,15.1753,0.041,0.0991,2.432,0.3247,0.3835,0.0003,0.0598,2.8459,0.4205,1.2918,1,1,1,0,1,1,1,1,1,1,1,1,1,1,1,1,1,1,1,1
2019-12,236275.0,350820.356,12123.0,1129104.0,48.0,937957.0,97681.0,1735513.0,55601.0,0.0,131078.984,1863557.75,11553.981,9750.0,8567.0,4769.412,289143.016,146404.53,26228.039,36288.952,355678.4,430372.5,48119.5,19312.2,22864.0,217675.0,2246799.4,3206770.0,176775.4,278462.6,1705248.5,25040.7,40178.7,56100.8,11249.7,727222.2,187893.4,82759.3,40773.2,1126265.6,0.0869,0.3043,0.3243,0.8537,3.0199,1.8032,0.0076,0.2417,0.1904,15.3723,0.0403,0.0982,2.4782,0.3052,0.3752,0.0003,0.0514,2.9965,0.4085,1.489,1,1,1,0,1,1,1,1,1,1,1,1,1,1,1,1,1,1,1,1
2020-01,237910.0,356821.018,13806.0,1117876.0,48.0,936892.0,97581.0,1759077.0,55597.0,0.0,134670.983,1889855.77,11679.007,9750.0,8567.0,4769.412,275464.832,150404.53,26082.324,36627.593,368797.0,445269.8,50416.3,20495.8,24485.3,224207.6,2302494.2,3317332.0,178597.3,311094.1,1738887.7,26396.0,42744.5,58225.5,12378.8,757450.2,196154.0,86356.3,42950.3,1169217.8,0.0817,0.2934,0.3212,0.8845,3.015,2.9465,0.0083,0.2378,0.1888,15.0624,0.0376,0.1942,2.5355,0.2994,0.3305,0.0003,0.0496,2.9133,0.4974,1.5651,1,1,1,0,1,1,1,1,1,1,1,1,1,1,1,1,1,1,1,1
2020-02,241460.0,362258.173,13153.0,1130916.0,48.0,948230.0,100581.0,1770449.0,58101.0,0.0,134205.783,1895748.74,11835.031,9750.0,8587.0,4869.412,276608.832,151872.57,26082.324,36905.205,368797.0,445269.8,50416.3,20495.8,24485.3,224207.6,2302494.2,3317332.0,178597.3,311094.1,1738887.7,26396.0,42744.5,58225.5,12378.8,757450.2,196154.0,86356.3,42950.3,1169217.8,0.0752,0.282,0.3133,0.8722,3.1477,1.6753,0.0078,0.2236,0.1984,15.9928,0.037,0.2018,2.565,0.2819,0.3134,0.0003,0.0516,2.6058,0.4751,1.5189,1,1,1,0,1,1,1,1,1,1,1,1,1,1,1,1,1,1,1,1
2020-03,243822.0,365443.416,13158.0,1127231.0,48.0,973084.0,102996.0,1789825.0,58088.0,0.0,134155.783,1873717.71,11640.057,9750.0,8666.0,4869.412,282601.21,153014.54,27282.324,36954.006,368797.0,445269.8,50416.3,20495.8,24485.3,224207.6,2302494.2,3317332.0,178597.3,311094.1,1738887.7,26396.0,42744.5,58225.5,12378.8,757450.2,196154.0,86356.3,42950.3,1169217.8,0.1018,0.276,0.3219,0.7264,1.9496,1.7784,0.0061,0.2312,0.2084,16.5756,0.0402,0.09,2.2515,0.3175,0.3034,0.0004,0.0524,2.6008,0.3767,1.3991,1,1,1,0,1,1,1,1,1,1,1,1,1,1,1,1,1,1,1,1
2020-04,253607.0,376666.015,14901.0,1116590.0,48.0,971544.0,99872.0,1789053.0,60089.0,0.0,129555.619,1900790.38,12038.015,12250.0,10509.0,5011.085,286080.21,159221.52,30123.824,36276.562,368797.0,445269.8,50416.3,20495.8,24485.3,224207.6,2302494.2,3317332.0,178597.3,311094.1,1738887.7,26396.0,42744.5,58225.5,12378.8,757450.2,196154.0,86356.3,42950.3,1169217.8,0.0825,0.2729,0.2914,1.1377,1.4471,1.6155,0.0069,0.1953,0.1901,15.7436,0.0369,0.0797,2.1314,0.274,0.2407,0.0003,0.0478,2.1587,0.322,1.2038,1,1,1,0,1,1,1,1,1,1,1,1,1,1,1,1,1,1,1,1
2020-05,255976.0,380007.689,14897.0,1151916.0,48.0,988500.0,103147.0,1798601.0,60096.0,0.0,130375.619,1933840.81,13998.048,10250.0,10612.0,5311.085,293782.21,160979.76,30863.824,41004.803,368797.0,445269.8,50416.3,20495.8,24485.3,224207.6,2302494.2,3317332.0,178597.3,311094.1,1738887.7,26396.0,42744.5,58225.5,12378.8,757450.2,196154.0,86356.3,42950.3,1169217.8,0.0744,0.2808,0.2782,1.3695,1.3958,1.6173,0.0074,0.1807,0.1915,15.6125,0.0349,0.0828,2.0224,0.2838,0.2567,0.0003,0.0445,2.1578,0.2798,1.2727,1,1,1,0,1,1,1,1,1,1,1,1,1,1,1,1,1,1,1,1
2020-06,259156.0,384023.872,14885.0,1172030.0,1548.0,1016165.0,106147.0,1831450.0,61734.0,0.0,138337.369,1954260.62,14245.081,10250.0,10543.0,5258.247,298969.205,154615.67,31390.824,41964.23,368797.0,445269.8,50416.3,20495.8,24485.3,224207.6,2302494.2,3317332.0,178597.3,311094.1,1738887.7,26396.0,42744.5,58225.5,12378.8,757450.2,196154.0,86356.3,42950.3,1169217.8,0.0728,0.2998,0.2565,1.4328,1.3739,1.6046,0.0065,0.1678,0.1774,15.3437,0.0325,0.0882,1.7993,0.2816,0.2515,0.0003,0.0453,2.2532,0.262,1.3236,1,1,1,0,1,1,1,1,1,1,1,1,1,1,1,1,1,1,1,1
2020-07,248378.0,386845.053,15840.0,1181047.0,1548.0,1013501.0,106147.0,1837534.0,61732.0,0.0,140680.669,1988517.45,16320.097,10250.0,10604.0,5444.207,288404.59,160104.44,31484.384,41964.672,368797.0,445269.8,50416.3,20495.8,24485.3,224207.6,2302494.2,3317332.0,178597.3,311094.1,1738887.7,26396.0,42744.5,58225.5,12378.8,757450.2,196154.0,86356.3,42950.3,1169217.8,0.0678,0.3082,0.2553,1.2007,1.3071,1.5425,0.007,0.1712,0.1666,13.1695,0.0312,0.0839,1.8484,0.3488,0.2287,0.0003,0.0404,2.092,0.233,1.2813,1,1,1,0,1,1,1,1,1,1,1,1,1,1,1,1,1,1,1,1
2020-08,249728.0,388944.737,15844.0,1216225.0,1548.0,1018828.0,106147.0,1852753.0,61737.0,0.0,140164.169,2006370.98,16510.122,10250.0,10624.0,5444.207,288404.59,161593.6,31534.384,41965.113,368797.0,445269.8,50416.3,20495.8,24485.3,224207.6,2302494.2,3317332.0,178597.3,311094.1,1738887.7,26396.0,42744.5,58225.5,12378.8,757450.2,196154.0,86356.3,42950.3,1169217.8,0.0652,0.3524,0.2565,1.1259,1.2446,1.9238,0.0072,0.1616,0.204,12.4365,0.0342,0.0812,1.8313,0.3517,0.2225,0.0003,0.0396,1.9436,0.2124,0.1291,1,1,1,0,1,1,1,1,1,1,1,1,1,1,1,1,1,1,1,1
2020-09,250961.0,372013.681,15846.0,1217047.0,1548.0,1027755.0,103146.0,1873175.0,64232.0,0.0,141814.633,2013234.52,16700.154,11750.0,10664.0,5505.722,296615.314,162304.6,31754.384,42577.941,368797.0,445269.8,50416.3,20495.8,24485.3,224207.6,2302494.2,3317332.0,178597.3,311094.1,1738887.7,26396.0,42744.5,58225.5,12378.8,757450.2,196154.0,86356.3,42950.3,1169217.8,0.034,0.3769,0.2732,1.3807,1.3784,1.9377,0.0079,0.1428,0.2147,15.9101,0.0387,0.1767,1.8584,0.4494,0.2073,0.0003,0.0462,1.8756,0.3729,1.874,1,1,1,0,1,1,1,1,1,1,1,1,1,1,1,1,1,1,1,1
2020-10,253560.0,374322.372,15846.0,1213613.0,1548.0,1016176.0,104146.0,1859004.0,66226.0,0.0,137366.786,2010930.93,16759.277,11750.0,10684.0,5457.872,298915.314,163304.6,32553.404,43056.382,368797.0,445269.8,50416.3,20495.8,24485.3,224207.6,2302494.2,3317332.0,178597.3,311094.1,1738887.7,26396.0,42744.5,58225.5,12378.8,757450.2,196154.0,86356.3,42950.3,1169217.8,0.0524,0.5394,0.3654,1.8041,2.4664,2.8675,0.0456,0.1897,0.2937,21.6438,0.0658,0.1836,3.2943,0.6013,0.4462,0.0009,0.0669,2.5812,0.6312,1.8796,1,1,1,0,1,1,1,1,1,1,1,1,1,1,1,1,1,1,1,1
2020-11,254510.0,375817.044,15843.0,1225380.0,1548.0,1019911.0,105097.0,1857531.0,66227.0,0.0,139003.556,1999939.21,16924.297,11750.0,10704.0,5642.872,300554.632,163304.6,32553.404,43425.81,368797.0,445269.8,50416.3,20495.8,24485.3,224207.6,2302494.2,3317332.0,178597.3,311094.1,1738887.7,26396.0,42744.5,58225.5,12378.8,757450.2,196154.0,86356.3,42950.3,1169217.8,0.0522,0.5201,0.3447,1.755,2.4738,2.4753,0.0472,0.1841,0.2664,20.2271,0.0638,0.1858,3.4178,0.5924,0.4259,0.0009,0.07,2.583,0.6906,1.8165,1,1,1,0,1,1,1,1,1,1,1,1,1,1,1,1,1,1,1,1
2020-12,256603.363,375960.467,15592.072,1361788.427,1534.168,1036592.098,104484.056,1846357.959,70245.553,25312.327,138648.746,2003795.21,16821.836,11847.432,10189.574,5768.015,300134.905,162706.764,32744.631,43360.393,368797.0,445269.8,50416.3,20495.8,24485.3,224207.6,2302494.2,3317332.0,178597.3,311094.1,1738887.7,26396.0,42744.5,58225.5,12378.8,757450.2,196154.0,86356.3,42950.3,1169217.8,0.0703,0.5325,0.3623,1.7107,2.4494,2.4859,0.0536,0.2172,0.2599,19.8687,0.061,0.1989,2.9365,0.5208,0.4652,0.0009,0.0631,2.5852,0.5993,1.5686,1,1,1,0,1,1,1,1,1,1,1,1,1,1,1,1,1,1,1,1
2021-01,256170.089,381049.593,15545.181,1360714.75,1534.532,1036171.999,105606.379,1881181.919,71095.364,25207.946,144548.531,2033183.484,16646.262,11855.767,9216.512,5769.705,301835.24,163084.98,33553.792,43790.257,376443.9,454912.4,51461.9,21381.7,25855.0,229446.6,2325869.1,3390070.0,177032.6,332983.3,1740234.6,27492.0,45309.3,60296.9,13208.7,780907.8,200482.0,89145.2,44599.3,1177638.2,0.0913,0.4491,0.3678,2.1239,3.1329,3.6224,0.152,0.2187,0.2448,17.711,0.0605,0.2373,2.9671,0.5465,0.5894,0.0012,0.0662,2.6174,0.804,1.6741,1,1,1,0,1,1,1,1,1,1,1,1,1,1,1,1,1,1,1,1
2021-02,259616.291,387798.493,16543.702,1375982.322,1534.86,1057991.271,108673.258,1886624.624,74446.341,25237.154,144533.529,2069774.726,16854.559,11850.76,9166.4,6078.179,310098.856,165513.66,34091.891,44220.673,376443.9,454912.4,51461.9,21381.7,25855.0,229446.6,2325869.1,3390070.0,177032.6,332983.3,1740234.6,27492.0,45309.3,60296.9,13208.7,780907.8,200482.0,89145.2,44599.3,1177638.2,0.1028,0.4414,0.3832,1.9796,3.2147,3.4188,0.1049,0.2034,0.2247,18.0615,0.0502,0.2669,2.8596,0.5231,0.5783,0.0012,0.069,2.5561,0.771,1.6094,1,1,1,0,1,1,1,1,1,1,1,1,1,1,1,1,1,1,1,1
2021-03,265155.274,390189.869,16554.046,1382383.375,1535.224,1072355.391,109775.639,1911432.274,76626.383,27186.088,145203.357,2067359.47,17059.194,14330.973,10400.109,6074.245,315119.159,167352.505,33954.617,43700.168,376443.9,454912.4,51461.9,21381.7,25855.0,229446.6,2325869.1,3390070.0,177032.6,332983.3,1740234.6,27492.0,45309.3,60296.9,13208.7,780907.8,200482.0,89145.2,44599.3,1177638.2,0.0866,0.421,0.3556,1.5668,2.0922,2.7752,0.1059,0.2337,0.2049,16.1603,0.0518,0.1439,2.4671,0.4308,0.6253,0.0012,0.0591,2.2632,0.5322,1.1193,1,1,1,0,1,1,1,1,1,1,1,1,1,1,1,1,1,1,1,1
2021-04,274358.845,390841.495,16552.154,1386605.775,1535.576,1063906.461,104283.221,1895888.248,76695.298,27214.742,148247.245,2100805.615,17277.963,14338.946,10425.662,6089.3,321663.038,162835.813,32970.803,45696.101,376443.9,454912.4,51461.9,21381.7,25855.0,229446.6,2325869.1,3390070.0,177032.6,332983.3,1740234.6,27492.0,45309.3,60296.9,13208.7,780907.8,200482.0,89145.2,44599.3,1177638.2,0.0755,0.4037,0.3231,1.7229,2.0509,2.1349,0.0513,0.2259,0.1681,16.5106,0.042,0.1432,2.1568,0.5175,0.6908,0.001,0.0468,2.1765,0.3849,0.8475,1,1,1,0,1,1,1,1,1,1,1,1,1,1,1,1,1,1,1,1
2021-05,277680.625,393647.523,16491.29,1414016.635,1535.94,1077528.288,107354.463,1894290.55,79882.226,27198.02,149037.112,2115927.845,17048.645,14347.185,10441.064,6371.245,325898.061,163631.735,33013.815,46195.309,376443.9,454912.4,51461.9,21381.7,25855.0,229446.6,2325869.1,3390070.0,177032.6,332983.3,1740234.6,27492.0,45309.3,60296.9,13208.7,780907.8,200482.0,89145.2,44599.3,1177638.2,0.0782,0.3803,0.2868,1.6722,2.0537,1.9765,0.0481,0.2298,0.1524,15.9471,0.0411,0.1536,2.0428,0.5104,0.5786,0.001,0.0429,2.1189,0.3474,0.8431,1,1,1,0,1,1,1,1,1,1,1,1,1,1,1,1,1,1,1,1
2021-06,278397.565,398202.954,16438.012,1423535.577,1534.03,1100024.387,108844.056,1920067.537,82480.999,27152.451,151158.44,2123571.615,17215.239,14355.158,10475.223,6380.366,331365.648,164934.695,33053.75,46781.318,376443.9,454912.4,51461.9,21381.7,25855.0,229446.6,2325869.1,3390070.0,177032.6,332983.3,1740234.6,27492.0,45309.3,60296.9,13208.7,780907.8,200482.0,89145.2,44599.3,1177638.2,0.0695,0.3607,0.2779,1.5564,2.0108,1.9032,0.0477,0.2305,0.1477,13.9702,0.0388,0.1859,2.0016,0.5199,0.562,0.001,0.0387,1.9397,0.3391,0.796,1,1,1,0,1,1,1,1,1,1,1,1,1,1,1,1,1,1,1,1
2021-07,281079.681,402937.585,16393.385,1418282.997,1534.394,1084442.75,108417.546,1944873.421,82596.238,27483.881,152513.756,2154921.66,18094.661,14320.896,11034.615,6441.826,316887.256,165566.694,34052.036,46842.995,376443.9,454912.4,51461.9,21381.7,25855.0,229446.6,2325869.1,3390070.0,177032.6,332983.3,1740234.6,27492.0,45309.3,60296.9,13208.7,780907.8,200482.0,89145.2,44599.3,1177638.2,0.0668,0.3526,0.2958,1.171,2.0267,1.8448,0.0294,0.2301,0.1568,12.8103,0.0414,0.1703,2.101,0.4995,0.5747,0.001,0.0383,2.2387,0.2954,0.7457,1,1,1,0,1,1,1,1,1,1,1,1,1,1,1,1,1,1,1,1
2021-08,283257.878,404121.59,16360.407,1435054.956,1534.758,1089940.858,111596.822,1962910.201,82705.56,27525.562,152284.048,2146269.339,18012.1,14320.885,11069.0,6285.75,317243.337,164619.07,34049.731,46888.673,376443.9,454912.4,51461.9,21381.7,25855.0,229446.6,2325869.1,3390070.0,177032.6,332983.3,1740234.6,27492.0,45309.3,60296.9,13208.7,780907.8,200482.0,89145.2,44599.3,1177638.2,0.0653,0.3171,0.2862,1.1864,1.8925,1.8448,0.0292,0.2323,0.1496,12.6702,0.0392,0.1681,2.0362,0.4786,0.5798,0.001,0.0365,2.1751,0.2908,0.7458,1,1,1,0,1,1,1,1,1,1,1,1,1,1,1,1,1,1,1,1
2021-09,274907.379,391527.098,16356.871,1431052.539,1535.11,1106584.415,112384.788,1984032.751,84921.083,27580.374,153930.849,2116832.098,18285.924,14328.858,11129.846,6503.993,326731.039,164432.617,34035.429,47281.521,376443.9,454912.4,51461.9,21381.7,25855.0,229446.6,2325869.1,3390070.0,177032.6,332983.3,1740234.6,27492.0,45309.3,60296.9,13208.7,780907.8,200482.0,89145.2,44599.3,1177638.2,0.3991,0.3756,0.3058,1.2776,3.3418,1.9523,0.0478,0.2613,0.1693,13.8344,0.0433,0.4054,2.0856,0.5227,0.699,0.0099,0.0465,2.3474,0.2775,1.0275,1,1,1,0,1,1,1,1,1,1,1,1,1,1,1,1,1,1,1,1
2021-10,276693.295,392846.696,16380.36,1436469.769,1535.474,1091085.832,113404.307,1959951.58,85062.218,27643.087,155552.686,2128788.818,18390.116,14337.096,11228.102,6509.467,332456.87,163550.661,33372.067,48518.159,376443.9,454912.4,51461.9,21381.7,25855.0,229446.6,2325869.1,3390070.0,177032.6,332983.3,1740234.6,27492.0,45309.3,60296.9,13208.7,780907.8,200482.0,89145.2,44599.3,1177638.2,0.0796,0.2872,0.267,1.2862,1.4348,1.8786,0.0236,0.2874,0.1322,11.3831,0.0399,0.1376,1.8966,0.4474,0.5128,0.0013,0.038,2.3418,0.2316,0.6678,1,1,1,0,1,1,1,1,1,1,1,1,1,1,1,1,1,1,1,1
2021-11,277134.102,396606.582,16384.051,1454282.66,1535.826,1101383.827,114440.742,1978151.492,85270.329,27676.696,155847.782,2112146.943,18560.454,14345.069,11350.02,6777.811,336621.171,163259.027,33334.939,48835.351,376443.9,454912.4,51461.9,21381.7,25855.0,229446.6,2325869.1,3390070.0,177032.6,332983.3,1740234.6,27492.0,45309.3,60296.9,13208.7,780907.8,200482.0,89145.2,44599.3,1177638.2,0.084,0.3192,0.3006,1.1157,1.4798,1.9263,0.0283,0.3003,0.1321,11.5687,0.0399,0.1386,1.8824,0.4412,0.5125,0.0016,0.0383,2.3538,0.2367,0.6852,1,1,1,0,1,1,1,1,1,1,1,1,1,1,1,1,1,1,1,1
2021-12,280640.095,397738.623,15821.492,1449779.229,1535.796,1100692.288,114422.687,1981570.78,85219.978,27704.171,156987.823,2108036.137,18675.778,14353.308,12038.559,6783.766,339096.174,163000.34,33524.973,48903.468,376443.9,454912.4,51461.9,21381.7,25855.0,229446.6,2325869.1,3390070.0,177032.6,332983.3,1740234.6,27492.0,45309.3,60296.9,13208.7,780907.8,200482.0,89145.2,44599.3,1177638.2,0.0826,0.3161,0.3198,0.9885,1.7091,1.918,0.0304,0.2848,0.1318,11.1439,0.0398,0.1338,1.8475,0.3582,0.5425,0.0017,0.0386,2.5291,0.2507,0.6122,1,1,1,0,1,1,1,1,1,1,1,1,1,1,1,1,1,1,1,1
2022-01,286594.259,401519.754,16780.45,1444400.118,1536.16,1098192.433,115531.623,2007322.847,87324.633,27582.69,160145.841,2132858.54,18790.767,14361.547,11892.404,6782.73,327226.004,165056.716,35205.562,49202.459,386557.2,470428.4,53625.3,22714.9,27708.4,236056.0,2381125.7,3487496.0,179057.9,367485.7,1767764.7,29049.1,48881.1,63663.2,14371.3,815182.8,206504.6,93207.6,47001.1,1200139.6,0.0897,0.3269,0.3727,1.0184,2.0326,1.8243,0.0308,0.2332,0.1475,9.7597,0.0407,0.1004,1.922,0.3813,0.5343,0.0017,0.0428,2.5315,0.2596,0.585,1,1,1,0,1,1,1,1,1,1,1,1,1,1,1,1,1,1,1,1
2022-02,287656.322,405298.855,16783.846,1461664.073,1536.488,1114130.087,118588.884,2025802.061,87293.81,27708.204,160313.718,2155931.661,18908.82,14356.488,11909.817,7094.015,333469.005,165902.521,36299.418,49378.454,386557.2,470428.4,53625.3,22714.9,27708.4,236056.0,2381125.7,3487496.0,179057.9,367485.7,1767764.7,29049.1,48881.1,63663.2,14371.3,815182.8,206504.6,93207.6,47001.1,1200139.6,0.0995,0.2906,0.3691,0.9156,1.8532,1.8052,0.0217,0.2139,0.1447,11.0291,0.0373,0.1081,1.8488,0.3472,0.3575,0.0018,0.0423,2.5308,0.2489,0.6544,1,1,1,0,1,1,1,1,1,1,1,1,1,1,1,1,1,1,1,1
2022-03,293383.565,392258.954,16813.357,1472203.005,1536.852,1132676.915,119668.309,2052749.688,87065.393,27653.978,152891.845,2175566.453,18704.944,13324.725,11531.138,7022.067,338471.483,166795.639,34746.665,49760.006,386557.2,470428.4,53625.3,22714.9,27708.4,236056.0,2381125.7,3487496.0,179057.9,367485.7,1767764.7,29049.1,48881.1,63663.2,14371.3,815182.8,206504.6,93207.6,47001.1,1200139.6,0.1213,0.3786,0.5945,0.8498,2.6281,2.4551,0.0246,0.3488,0.1761,14.1809,0.0443,0.1528,2.2002,0.3527,0.4064,0.0042,0.0599,2.4835,0.2242,1.6587,1,1,1,0,1,1,1,1,1,1,1,1,1,1,1,1,1,1,1,1
2022-04,288732.915,397821.624,16800.875,1469510.273,1537.204,1127020.688,114919.475,2028994.029,87146.417,28954.771,153374.194,2168103.622,18943.247,13330.818,11884.366,7025.589,341291.302,168352.439,34800.164,50579.025,386557.2,470428.4,53625.3,22714.9,27708.4,236056.0,2381125.7,3487496.0,179057.9,367485.7,1767764.7,29049.1,48881.1,63663.2,14371.3,815182.8,206504.6,93207.6,47001.1,1200139.6,0.0912,0.3711,0.6208,0.793,2.2022,2.3659,,0.3555,0.1742,13.6174,0.0433,0.1625,2.1434,0.3523,0.3116,0.0042,0.0665,2.2688,0.2182,1.5202,1,1,1,0,1,1,1,1,1,1,1,1,1,1,1,1,1,1,1,1
2022-05,295623.887,402023.989,15741.437,1490042.371,1537.568,1145617.152,115994.231,2064192.426,89360.063,27695.496,152391.891,2192087.055,18925.5,15810.859,12379.798,6874.535,345707.785,169554.619,35133.695,51047.688,386557.2,470428.4,53625.3,22714.9,27708.4,236056.0,2381125.7,3487496.0,179057.9,367485.7,1767764.7,29049.1,48881.1,63663.2,14371.3,815182.8,206504.6,93207.6,47001.1,1200139.6,0.1138,0.3903,0.5696,0.7497,2.2774,2.1989,0.0198,0.3489,0.1665,14.9684,0.0398,0.1486,2.118,0.396,0.2925,0.0038,0.0577,2.0111,0.2312,1.5955,1,1,1,0,1,1,1,1,1,1,1,1,1,1,1,1,1,1,1,1
2022-06,296291.069,407670.338,15741.609,1502102.011,1535.658,1167423.208,119731.046,2093595.889,89842.686,27653.032,153451.014,2202264.523,19668.114,15820.302,12459.881,6883.588,350980.005,170471.845,35090.941,51565.309,386557.2,470428.4,53625.3,22714.9,27708.4,236056.0,2381125.7,3487496.0,179057.9,367485.7,1767764.7,29049.1,48881.1,63663.2,14371.3,815182.8,206504.6,93207.6,47001.1,1200139.6,0.1127,0.3379,0.6114,0.674,2.0348,2.1365,0.0181,0.335,0.169,15.2731,0.0406,0.2389,2.1402,0.41,0.3204,0.0036,0.0571,2.0419,0.2645,1.3126,1,1,1,0,1,1,1,1,1,1,1,1,1,1,1,1,1,1,1,1
2022-07,297268.193,412381.614,15175.608,1495212.368,1536.022,1174481.285,119282.543,2098643.801,91459.265,27831.012,153702.573,2213261.178,19846.153,15787.559,12470.353,7142.609,337484.227,170652.855,35131.5,51631.499,386557.2,470428.4,53625.3,22714.9,27708.4,236056.0,2381125.7,3487496.0,179057.9,367485.7,1767764.7,29049.1,48881.1,63663.2,14371.3,815182.8,206504.6,93207.6,47001.1,1200139.6,0.1319,0.3386,0.6534,0.587,1.6105,2.4461,0.0247,0.4011,0.173,15.5408,0.0439,0.2418,2.339,0.4758,0.3874,0.0035,0.0632,2.2911,0.3106,1.3252,1,1,1,0,1,1,1,1,1,1,1,1,1,1,1,1,1,1,1,1
2022-08,298531.306,415415.224,15175.278,1510753.453,1536.386,1184063.46,122363.059,2110077.545,88548.231,27863.671,153896.564,2207687.226,20012.219,15789.066,12590.764,7071.949,337842.354,169752.908,35181.779,51681.688,386557.2,470428.4,53625.3,22714.9,27708.4,236056.0,2381125.7,3487496.0,179057.9,367485.7,1767764.7,29049.1,48881.1,63663.2,14371.3,815182.8,206504.6,93207.6,47001.1,1200139.6,0.0869,0.2314,0.3804,0.5983,0.7732,1.8829,0.0245,0.2687,0.1445,15.9269,0.0361,0.0846,2.0986,0.4749,0.372,0.001,0.0432,2.5279,0.2835,0.4669,1,1,1,0,1,1,1,1,1,1,1,1,1,1,1,1,1,1,1,1
2022-09,296946.27,405293.687,15138.166,1501505.88,1536.738,1201883.2,118578.154,2135639.644,88746.341,27910.213,154802.504,2178757.391,19650.103,15798.509,12616.039,7063.986,342785.78,170845.505,35619.668,52176.959,386557.2,470428.4,53625.3,22714.9,27708.4,236056.0,2381125.7,3487496.0,179057.9,367485.7,1767764.7,29049.1,48881.1,63663.2,14371.3,815182.8,206504.6,93207.6,47001.1,1200139.6,0.1042,0.2674,0.4011,0.5361,0.7872,1.9547,0.0327,0.3089,0.1593,15.7185,0.0397,0.084,2.2889,0.4495,0.3834,0.0011,0.0459,2.4906,0.3287,0.4523,1,1,1,0,1,1,1,1,1,1,1,1,1,1,1,1,1,1,1,1
2022-10,301701.688,408738.738,15148.692,1561152.427,2537.334,1191354.536,119860.598,2119393.992,87575.641,27964.379,149925.841,2205669.13,20933.339,15808.266,13423.168,7623.284,345611.185,161909.337,35966.512,53422.299,386557.2,470428.4,53625.3,22714.9,27708.4,236056.0,2381125.7,3487496.0,179057.9,367485.7,1767764.7,29049.1,48881.1,63663.2,14371.3,815182.8,206504.6,93207.6,47001.1,1200139.6,0.0978,0.2743,0.4155,0.5417,0.5979,2.0214,0.0316,0.3362,0.1768,15.845,0.0417,0.0796,2.4409,0.4386,0.4551,0.0006,0.0395,2.4695,0.3414,0.483,1,1,1,0,1,1,1,1,1,1,1,1,1,1,1,1,1,1,1,1
2022-11,292863.598,409779.552,15136.936,1584320.702,2540.989,1202662.884,121391.8,2135012.823,89186.209,27989.718,149609.028,2214033.22,21152.227,15817.709,13450.403,7712.778,348812.259,162154.573,36267.996,53923.035,386557.2,470428.4,53625.3,22714.9,27708.4,236056.0,2381125.7,3487496.0,179057.9,367485.7,1767764.7,29049.1,48881.1,63663.2,14371.3,815182.8,206504.6,93207.6,47001.1,1200139.6,0.1061,0.3133,0.4716,0.6038,1.062,1.9593,0.0267,0.3281,0.2116,11.7398,0.0462,0.0711,2.4443,0.5282,0.3856,0.0006,0.0437,2.514,0.3317,0.4857,1,1,1,0,1,1,1,1,1,1,1,1,1,1,1,1,1,1,1,1
2022-12,294012.599,411166.196,14535.318,1579394.632,2544.372,1207792.477,121481.37,2151408.338,89381.61,28008.647,149221.949,2214866.425,21173.05,15827.466,13464.343,7723.78,350953.934,159648.207,36260.738,53903.662,386557.2,470428.4,53625.3,22714.9,27708.4,236056.0,2381125.7,3487496.0,179057.9,367485.7,1767764.7,29049.1,48881.1,63663.2,14371.3,815182.8,206504.6,93207.6,47001.1,1200139.6,0.1093,0.3122,0.4071,0.5052,1.0723,1.8218,0.028,0.3072,0.1974,9.4962,0.0415,0.0396,2.291,0.4471,0.3634,0.0006,0.0399,2.3542,0.2883,0.4496,1,1,1,0,1,1,1,1,1,1,1,1,1,1,1,1,1,1,1,1
2023-01,301507.289,417496.934,14288.023,1599851.535,2548.149,1198011.195,122957.375,2180596.446,87575.632,27925.672,152865.547,2224074.636,21352.909,15837.224,14214.91,7724.883,339455.927,161666.911,37714.595,54345.102,402699.7,494489.1,57106.1,24527.9,30133.8,244341.8,2453589.1,3618752.0,185153.0,409956.2,1818480.6,31065.6,53917.3,67375.7,15518.7,863774.6,216194.2,98224.8,49857.8,1240860.6,0.4614,0.3299,0.1943,0.0055,2.9025,1.7402,0.0373,0.2512,0.1903,11.2304,0.0447,0.2096,2.0511,0.4909,0.3774,0.0066,0.0269,1.8191,0.24,0.2405,1,1,1,1,1,1,1,1,1,1,1,1,1,1,1,1,1,1,1,1
2023-02,305845.824,421577.695,14277.942,1607675.307,2551.56,1231236.078,125995.095,2203643.127,87176.998,27952.733,152211.617,2254926.661,21462.768,15833.537,14338.131,8065.141,345679.129,166240.935,37890.42,55425.616,402699.7,494489.1,57106.1,24527.9,30133.8,244341.8,2453589.1,3618752.0,185153.0,409956.2,1818480.6,31065.6,53917.3,67375.7,15518.7,863774.6,216194.2,98224.8,49857.8,1240860.6,0.1106,0.2372,0.3701,0.4378,0.9183,1.878,0.0243,0.2287,0.1893,7.692,0.0397,0.0365,2.1767,0.3942,0.3722,0.0006,0.0446,2.0196,0.2796,0.5386,1,1,1,1,1,1,1,1,1,1,1,1,1,1,1,1,1,1,1,1
2023-03,311301.032,424607.604,14303.082,1630986.481,2555.337,1239048.098,128862.142,2211602.377,86928.707,29744.123,145462.886,2257746.419,21737.685,18804.286,14575.093,8298.42,351777.012,165602.226,36718.752,55900.994,402699.7,494489.1,57106.1,24527.9,30133.8,244341.8,2453589.1,3618752.0,185153.0,409956.2,1818480.6,31065.6,53917.3,67375.7,15518.7,863774.6,216194.2,98224.8,49857.8,1240860.6,0.4335,0.3457,0.1862,0.0414,2.8848,1.7562,0.0435,0.2742,0.2251,9.9116,0.0449,0.2132,1.9545,0.3942,0.3872,0.0064,0.0288,1.7939,0.2327,0.3178,1,1,1,1,1,1,1,1,1,1,1,1,1,1,1,1,1,1,1,1
2023-04,312947.912,429878.01,15288.913,1622116.099,2558.992,1223448.118,124999.624,2222650.657,89760.814,29766.155,145675.61,2286668.236,21097.96,18821.654,13790.823,8302.868,359532.323,165168.519,36815.973,56631.817,402699.7,494489.1,57106.1,24527.9,30133.8,244341.8,2453589.1,3618752.0,185153.0,409956.2,1818480.6,31065.6,53917.3,67375.7,15518.7,863774.6,216194.2,98224.8,49857.8,1240860.6,0.1124,0.2757,0.4067,3.7497,1.0221,1.9553,0.0255,0.3258,0.2155,7.5359,0.0409,0.0425,2.3374,0.3472,0.3228,0.0007,0.0474,2.1999,0.2879,0.6701,1,1,1,1,1,1,1,1,1,1,1,1,1,1,1,1,1,1,1,1
2023-05,317407.221,433531.727,15258.953,1634184.83,2562.769,1233282.89,129390.956,2204441.0,90386.594,29799.418,144458.96,2277349.924,21204.804,18800.539,13732.527,7920.385,361738.743,165456.398,36868.125,57165.212,402699.7,494489.1,57106.1,24527.9,30133.8,244341.8,2453589.1,3618752.0,185153.0,409956.2,1818480.6,31065.6,53917.3,67375.7,15518.7,863774.6,216194.2,98224.8,49857.8,1240860.6,0.1086,0.2797,0.4086,3.6714,0.9844,1.8446,0.0232,0.3052,0.2028,7.0521,0.0367,0.0404,2.2947,0.3355,0.3338,0.0007,0.0454,2.2544,0.2862,0.5843,1,1,1,1,1,1,1,1,1,1,1,1,1,1,1,1,1,1,1,1
2023-06,319122.551,424534.641,15264.924,1650511.131,3077.404,1260285.039,131315.453,2237268.995,90504.172,31251.27,145445.846,2311546.087,22354.744,18817.907,13775.445,7930.904,365702.794,165893.695,36924.825,59628.383,402699.7,494489.1,57106.1,24527.9,30133.8,244341.8,2453589.1,3618752.0,185153.0,409956.2,1818480.6,31065.6,53917.3,67375.7,15518.7,863774.6,216194.2,98224.8,49857.8,1240860.6,0.1085,0.3002,0.3987,4.0275,0.9296,1.9443,0.0267,0.2724,0.1858,8.6475,0.0367,0.0413,2.2665,0.3447,0.3416,0.0006,0.0434,2.4529,0.3073,0.6599,1,1,1,1,1,1,1,1,1,1,1,1,1,1,1,1,1,1,1,1
2023-07,309709.167,428331.89,14249.678,1670982.601,3082.742,1246274.597,130893.132,2241951.199,92848.932,31215.9,145624.83,2327415.971,22454.258,16790.869,14561.469,8250.757,350032.393,166803.751,36963.8,59721.397,402699.7,494489.1,57106.1,24527.9,30133.8,244341.8,2453589.1,3618752.0,185153.0,409956.2,1818480.6,31065.6,53917.3,67375.7,15518.7,863774.6,216194.2,98224.8,49857.8,1240860.6,0.1177,0.324,0.4374,3.9201,0.9634,2.0998,0.0336,0.2994,0.1893,10.6375,0.039,0.0482,2.3861,0.4139,0.3534,0.0008,0.0461,2.7613,0.3112,0.7076,1,1,1,1,1,1,1,1,1,1,1,1,1,1,1,1,1,1,1,1
2023-08,310914.277,433137.479,14270.421,1673405.248,3088.08,1255286.192,134272.149,2263057.421,93081.836,31259.437,145813.269,2306087.896,22035.897,16796.896,14612.956,8256.035,350401.763,167092.162,36954.067,59798.411,402699.7,494489.1,57106.1,24527.9,30133.8,244341.8,2453589.1,3618752.0,185153.0,409956.2,1818480.6,31065.6,53917.3,67375.7,15518.7,863774.6,216194.2,98224.8,49857.8,1240860.6,0.1119,0.3037,0.4193,3.6486,1.0479,2.2345,0.032,0.2936,0.1721,10.6333,0.0382,0.0431,2.383,0.3958,0.3458,0.0008,0.044,2.8222,0.2887,0.8211,1,1,1,1,1,1,1,1,1,1,1,1,1,1,1,1,1,1,1,1
2023-09,311139.32,435016.768,13947.516,1686376.848,3093.246,1272120.436,129768.624,2281266.428,93476.493,31316.505,147504.781,2303588.407,22234.627,16810.713,14638.344,8544.856,355203.316,168209.669,37039.654,60684.849,402699.7,494489.1,57106.1,24527.9,30133.8,244341.8,2453589.1,3618752.0,185153.0,409956.2,1818480.6,31065.6,53917.3,67375.7,15518.7,863774.6,216194.2,98224.8,49857.8,1240860.6,0.128,0.295,0.4321,3.8058,1.3516,2.2271,0.0318,0.2618,0.1715,10.607,0.0378,0.0448,2.3751,0.4273,0.3337,0.0008,0.0439,2.7528,0.2775,0.7474,1,1,1,1,1,1,1,1,1,1,1,1,1,1,1,1,1,1,1,1
2023-10,308169.173,429892.448,13973.027,1690005.553,3038.583,1263037.187,131394.066,2263756.017,94113.316,31381.549,147579.828,2321887.707,22336.741,16824.99,14712.312,8890.923,362486.298,158844.657,37099.469,60904.65,402699.7,494489.1,57106.1,24527.9,30133.8,244341.8,2453589.1,3618752.0,185153.0,409956.2,1818480.6,31065.6,53917.3,67375.7,15518.7,863774.6,216194.2,98224.8,49857.8,1240860.6,0.4141,0.4224,0.344,0.0112,3.0884,2.4724,,0.3336,0.2047,13.2336,0.0466,0.2161,2.6489,0.3876,0.3245,0.0101,0.0359,2.7404,0.2674,0.3557,1,1,1,1,1,1,1,1,1,1,1,1,1,1,1,1,1,1,1,1
2023-11,310653.545,431003.554,13928.6,1712827.864,3043.749,1269856.737,132449.076,2278487.712,94544.745,31184.215,147763.101,2311131.078,22459.528,16838.807,15133.097,8733.339,362850.741,159064.336,37094.983,59992.293,402699.7,494489.1,57106.1,24527.9,30133.8,244341.8,2453589.1,3618752.0,185153.0,409956.2,1818480.6,31065.6,53917.3,67375.7,15518.7,863774.6,216194.2,98224.8,49857.8,1240860.6,0.3654,0.3487,0.3094,0.0113,2.1524,2.1776,0.054,0.2592,0.1879,10.4887,0.0378,0.1876,1.8245,0.3099,0.3142,0.0082,0.0296,2.0039,0.2664,0.2759,1,1,1,1,1,1,1,1,1,1,1,1,1,1,1,1,1,1,1,1
2023-12,312178.063,432228.237,13934.105,1706878.765,3048.693,1284206.872,132662.15,2284284.432,94753.262,31216.111,147922.819,2316421.985,22704.394,16853.084,15207.316,8749.63,363224.081,156793.877,37147.311,59667.84,402699.7,494489.1,57106.1,24527.9,30133.8,244341.8,2453589.1,3618752.0,185153.0,409956.2,1818480.6,31065.6,53917.3,67375.7,15518.7,863774.6,216194.2,98224.8,49857.8,1240860.6,0.3297,0.3381,0.3034,0.0112,1.9777,2.043,0.0546,0.2522,0.184,9.4556,0.0362,0.1822,1.721,0.2942,0.306,0.0077,0.0276,1.7261,0.2597,0.2616,1,1,1,1,1,1,1,1,1,1,1,1,1,1,1,1,1,1,1,1
2024-01,322010.819,438078.114,13922.16,1706874.644,4047.099,1295412.673,135783.046,2315128.72,94224.714,31146.104,151100.679,2315722.518,22205.713,16867.362,15302.189,8749.775,348523.308,161224.443,38548.396,61023.811,420698.2,521831.2,62111.1,26434.3,32483.6,252535.6,2547824.8,3775808.0,194069.3,447874.7,1889209.7,33309.4,59486.4,71535.4,16892.2,916346.6,228779.3,104936.2,53555.6,1298070.2,0.3704,0.3127,0.2976,0.0015,2.168,1.8396,0.0595,0.2579,0.1739,8.1899,0.0357,0.1966,1.6963,0.2755,0.274,0.0098,0.0269,1.6252,0.2369,0.2434,1,1,1,1,1,1,1,1,1,1,1,1,1,1,1,1,1,1,1,1
2024-02,324923.756,441914.376,13905.874,1719371.521,4054.74,1315805.95,137813.272,2313045.701,98452.242,31187.044,151063.44,2336970.097,23884.155,16868.218,15434.133,9140.769,356799.377,159048.406,38858.627,62908.903,420698.2,521831.2,62111.1,26434.3,32483.6,252535.6,2547824.8,3775808.0,194069.3,447874.7,1889209.7,33309.4,59486.4,71535.4,16892.2,916346.6,228779.3,104936.2,53555.6,1298070.2,0.4312,0.3984,0.4053,0.0023,1.9215,1.4436,0.0836,0.2899,0.1683,7.9719,0.0379,0.2249,1.5698,0.3702,0.3343,0.0113,0.0242,1.991,0.2828,0.3445,1,1,1,1,1,1,1,1,1,1,1,1,1,1,1,1,1,1,1,1
2024-03,327758.491,445127.323,13925.994,1723840.167,4062.907,1332160.714,139460.178,2321946.226,97178.869,32566.006,142621.651,2353931.128,24116.167,18020.597,15678.923,8890.436,360606.105,160292.01,39199.315,66618.414,420698.2,521831.2,62111.1,26434.3,32483.6,252535.6,2547824.8,3775808.0,194069.3,447874.7,1889209.7,33309.4,59486.4,71535.4,16892.2,916346.6,228779.3,104936.2,53555.6,1298070.2,0.0862,0.2843,0.3794,0.2079,0.8003,1.4744,0.0367,0.2182,0.1711,6.2962,0.0303,0.0376,1.9087,0.3346,0.3969,0.0102,0.0372,1.8994,0.212,0.6195,1,1,1,1,1,1,1,1,1,1,1,1,1,1,1,1,1,1,1,1
2024-04,332045.286,452642.564,13869.813,1730990.44,4070.812,1323177.493,140010.29,2344176.481,95651.036,32599.147,143792.656,2355130.464,23722.821,18037.394,14648.909,8897.296,365315.783,161274.84,39263.091,67301.299,420698.2,521831.2,62111.1,26434.3,32483.6,252535.6,2547824.8,3775808.0,194069.3,447874.7,1889209.7,33309.4,59486.4,71535.4,16892.2,916346.6,228779.3,104936.2,53555.6,1298070.2,0.1157,0.3607,0.4829,0.5004,1.0937,2.0552,0.0472,0.3867,0.251,9.5417,0.0406,0.052,2.3553,0.5548,0.691,0.0106,0.0488,2.1955,0.3157,0.8329,1,1,1,1,1,1,1,1,1,1,1,1,1,1,1,1,1,1,1,1
2024-05,339030.183,454939.61,13830.489,1733484.414,4078.979,1317415.646,141646.181,2334793.006,99084.258,32633.558,144053.327,2376374.209,23944.466,18015.583,14827.682,8957.22,369946.849,165478.766,39337.247,68073.849,420698.2,521831.2,62111.1,26434.3,32483.6,252535.6,2547824.8,3775808.0,194069.3,447874.7,1889209.7,33309.4,59486.4,71535.4,16892.2,916346.6,228779.3,104936.2,53555.6,1298070.2,0.1239,0.354,0.478,0.4642,1.0509,2.1319,0.0586,0.3725,0.2546,10.0176,0.0431,0.0506,2.649,0.5782,0.6277,0.0105,0.05,2.2373,0.3151,0.8324,1,1,1,1,1,1,1,1,1,1,1,1,1,1,1,1,1,1,1,1
2024-06,342862.209,442143.303,13818.89,1742302.117,4084.614,1342947.476,143674.396,2363600.042,98893.188,32540.023,144173.289,2406987.659,23094.484,18032.381,14850.577,8904.342,370755.503,165705.023,39393.687,67131.161,420698.2,521831.2,62111.1,26434.3,32483.6,252535.6,2547824.8,3775808.0,194069.3,447874.7,1889209.7,33309.4,59486.4,71535.4,16892.2,916346.6,228779.3,104936.2,53555.6,1298070.2,0.1372,0.3684,0.464,0.4238,1.1202,2.2187,0.0602,0.3744,0.2662,10.4026,0.0449,0.0589,2.7558,0.5977,0.629,0.0114,0.0517,2.2776,0.3593,0.8261,1,1,1,1,1,1,1,1,1,1,1,1,1,1,1,1,1,1,1,1
2024-07,332928.778,446454.412,13839.569,1762060.062,4092.782,1332082.261,143283.552,2373539.056,99125.826,33098.572,144174.861,2415400.978,24288.837,18049.738,14837.711,8703.842,355307.001,165812.288,39409.586,67255.001,420698.2,521831.2,62111.1,26434.3,32483.6,252535.6,2547824.8,3775808.0,194069.3,447874.7,1889209.7,33309.4,59486.4,71535.4,16892.2,916346.6,228779.3,104936.2,53555.6,1298070.2,0.1586,0.3658,0.472,0.3296,0.8347,2.1594,0.059,0.449,0.2565,10.0278,0.045,0.0636,2.5616,0.59,0.6325,0.0124,0.0514,2.1633,0.4146,0.854,1,1,1,1,1,1,1,1,1,1,1,1,1,1,1,1,1,1,1,1
2024-08,333551.126,447692.663,13859.647,1764261.724,4100.95,1342868.192,147430.562,2401744.726,99367.841,33147.485,144366.015,2417505.673,24204.006,18058.823,14861.375,9090.117,355745.913,166043.737,39412.655,67362.797,420698.2,521831.2,62111.1,26434.3,32483.6,252535.6,2547824.8,3775808.0,194069.3,447874.7,1889209.7,33309.4,59486.4,71535.4,16892.2,916346.6,228779.3,104936.2,53555.6,1298070.2,0.1656,0.3733,0.4667,0.3234,0.8417,2.1271,0.0586,0.4872,0.2514,9.8502,0.0446,0.0617,2.5353,0.5757,0.6218,0.0122,0.0561,2.1491,0.4399,0.8969,1,1,1,1,1,1,1,1,1,1,1,1,1,1,1,1,1,1,1,1
2024-09,343943.798,450729.267,13845.073,1769235.921,4309.107,1357956.187,144952.205,2429513.702,99777.858,33209.871,145545.623,2415844.709,24405.36,18075.621,15494.426,9083.668,358456.038,165960.349,38004.538,68028.93,420698.2,521831.2,62111.1,26434.3,32483.6,252535.6,2547824.8,3775808.0,194069.3,447874.7,1889209.7,33309.4,59486.4,71535.4,16892.2,916346.6,228779.3,104936.2,53555.6,1298070.2,0.1958,0.3751,0.4426,0.3169,0.8101,2.1231,0.0634,0.4586,0.2509,9.4263,0.0468,0.0521,2.5314,0.6004,0.6004,0.0111,0.0549,2.0823,0.4195,0.8815,1,1,1,1,1,1,1,1,1,1,1,1,1,1,1,1,1,1,1,1
2024-10,335214.632,441048.263,13861.661,1773377.283,4257.671,1346856.462,147001.799,2442067.524,100275.566,33280.41,145478.866,2434924.567,24492.093,19337.637,15517.181,9298.032,361165.447,165071.885,38795.537,68259.179,420698.2,521831.2,62111.1,26434.3,32483.6,252535.6,2547824.8,3775808.0,194069.3,447874.7,1889209.7,33309.4,59486.4,71535.4,16892.2,916346.6,228779.3,104936.2,53555.6,1298070.2,0.536,0.3626,0.3242,,1.6787,1.3247,,0.4187,0.2137,8.6283,0.0395,0.1929,1.5089,0.5507,0.458,0.0078,0.0363,1.4526,0.4343,0.3543,1,1,1,1,1,1,1,1,1,1,1,1,1,1,1,1,1,1,1,1
2024-11,336904.505,444342.794,13831.503,1790445.92,4266.118,1342874.477,148017.467,2420909.494,100762.053,32846.651,145485.809,2445298.452,24483.579,19357.181,15541.731,9266.708,363897.276,166547.492,38797.131,68179.503,420698.2,521831.2,62111.1,26434.3,32483.6,252535.6,2547824.8,3775808.0,194069.3,447874.7,1889209.7,33309.4,59486.4,71535.4,16892.2,916346.6,228779.3,104936.2,53555.6,1298070.2,0.107,0.2878,0.2906,0.2166,0.5535,1.0979,0.0443,0.2846,0.1615,6.2815,0.0303,0.0315,1.4093,0.3663,0.4336,0.0067,0.0298,1.3505,0.3161,0.6445,1,1,1,1,1,1,1,1,1,1,1,1,1,1,1,1,1,1,1,1
2024-12,339605.23,445598.101,12832.204,1783363.453,4274.452,1336662.302,148452.063,2421504.99,100979.14,32881.811,145637.695,2428449.697,24664.2,19377.378,15592.076,9278.467,363801.832,165537.381,38851.723,68312.188,420698.2,521831.2,62111.1,26434.3,32483.6,252535.6,2547824.8,3775808.0,194069.3,447874.7,1889209.7,33309.4,59486.4,71535.4,16892.2,916346.6,228779.3,104936.2,53555.6,1298070.2,0.0999,0.3264,0.2969,0.213,0.4666,1.136,0.0434,0.2421,0.1776,5.4973,0.0306,0.0334,1.4815,0.336,0.4227,0.0088,0.033,1.4845,0.277,0.6737,1,1,1,1,1,1,1,1,1,1,1,1,1,1,1,1,1,1,1,1
