,Austria_PDs,Belgium_PDs,Croatia_PDs,Cyprus_PDs,Estonia_PDs,Finland_PDs,France_PDs,Germany_PDs,Greece_PDs,Ireland_PDs,Italy_PDs,Latvia_PDs,Lithuania_PDs,Luxembourg_PDs,Malta_PDs,Netherlands_PDs,Portugal_PDs,Slovakia_PDs,Slovenia_PDs,Spain_PDs,Austria_Weights,Belgium_Weights,Croatia_Weights,Cyprus_Weights,Estonia_Weights,Finland_Weights,France_Weights,Germany_Weights,Greece_Weights,Ireland_Weights,Italy_Weights,Latvia_Weights,Lithuania_Weights,Luxembourg_Weights,Malta_Weights,Netherlands_Weights,Portugal_Weights,Slovakia_Weights,Slovenia_Weights,Spain_Weights
2010-01,0.7988,0.7185,0.645,1.3289,0.0,0.0013,0.3581,0.2109,23.6258,0.8393,1.3867,1.0813,0.2297,0.0104,5.741,0.0421,2.5466,98.2333,0.3518,0.8151,0.030254138542736515,0.036830459190866714,0.0,0.0019000005519238371,0.0,0.0197633502009524,0.2078609798877747,0.2716246529916033,0.02439027146785396,0.019950345947068005,0.17355376725161123,0.0,0.0,0.003975563358151728,0.0006323862126440967,0.06681927927678623,0.018759177996896786,0.00595390856605875,0.003702695724399653,0.11402902283267219
2010-02,19.5087,0.7158,0.6498,1.3758,0.0002,0.0015,12.1965,0.23,26.1466,22.1426,1.433,1.1688,0.2788,0.0113,45.3514,2.0996,2.8226,98.1606,0.3657,19.9948,0.030254138542736515,0.036830459190866714,0.0,0.0019000005519238371,0.0,0.0197633502009524,0.2078609798877747,0.2716246529916033,0.02439027146785396,0.019950345947068005,0.17355376725161123,0.0,0.0,0.003975563358151728,0.0006323862126440967,0.06681927927678623,0.018759177996896786,0.00595390856605875,0.003702695724399653,0.11402902283267219
2010-03,22.1502,0.7726,17.483,25.311,0.0003,0.086,14.5615,8.7223,28.1479,25.8404,26.793,19.6527,10.9403,0.0115,49.1445,3.0382,34.7591,1.8951,12.1766,23.2084,0.030254138542736515,0.036830459190866714,0.0,0.0019000005519238371,0.0,0.0197633502009524,0.2078609798877747,0.2716246529916033,0.02439027146785396,0.019950345947068005,0.17355376725161123,0.0,0.0,0.003975563358151728,0.0006323862126440967,0.06681927927678623,0.018759177996896786,0.00595390856605875,0.003702695724399653,0.11402902283267219
2010-04,21.3341,0.9404,25.0799,31.3687,0.0004,0.0821,17.048,10.7494,33.3898,42.052,32.6151,24.5298,15.9108,0.0182,53.6855,4.8878,44.8467,1.9485,15.359,26.4703,0.030254138542736515,0.036830459190866714,0.0,0.0019000005519238371,0.0,0.0197633502009524,0.2078609798877747,0.2716246529916033,0.02439027146785396,0.019950345947068005,0.17355376725161123,0.0,0.0,0.003975563358151728,0.0006323862126440967,0.06681927927678623,0.018759177996896786,0.00595390856605875,0.003702695724399653,0.11402902283267219
2010-05,22.3927,1.2088,24.4847,34.2214,0.0003,0.0874,18.6547,11.5443,35.4386,43.343,34.7307,26.0954,15.4423,0.0257,47.0999,6.1343,47.8058,2.3265,16.8843,29.0206,0.031010492882492458,0.037751221737282174,0.0,0.0019475006207476872,0.0,0.02025743452834091,0.2130575104048132,0.2784152771828919,0.0,0.020449105173524974,0.17789261645917737,0.0,0.0,0.004074952557241473,0.0006481958862746825,0.06848976319385333,0.019228157990102163,0.006102756452640858,0.0037952632247430997,0.11687975170587381
2010-06,22.3179,1.2181,24.4174,35.4765,0.0003,0.0903,18.0199,11.4584,34.8009,42.6728,34.6223,25.3308,17.3055,0.0242,46.5259,5.9152,47.923,2.3233,16.7589,29.2363,0.03121433253172051,0.038095831500188776,0.0,0.001955877553101267,0.0,0.02033169176113698,0.21439371045740951,0.27969622139100453,0.0,0.02056044785406913,0.17961266623426486,0.0,0.0,0.0040802078323058585,0.0006526229932340178,0.06880409693629241,0.01936811421213953,0.0,0.0038117683646749835,0.11742241037845774
2010-07,23.9587,1.3891,25.9215,39.9477,0.0005,0.1199,18.5628,11.985,39.976,44.028,33.3297,36.9098,17.7534,0.0292,40.6937,5.2971,47.5262,5.5908,16.9836,33.4502,0.03121526234539923,0.03810439284232676,0.0,0.001955819090378037,0.0,0.020331382280073706,0.2143803817759421,0.2796913616692838,0.0,0.020562379458692367,0.17963519493293695,0.0,0.0,0.0040801859299530036,0.0006526028821341286,0.0687930063055167,0.019369601693631448,0.0,0.003811693529195596,0.11741673526453618
2010-08,23.932,1.3352,25.8679,40.7392,0.0005,0.0951,18.348,11.64,39.88,43.1297,32.8501,36.6659,18.1566,0.0274,45.2777,5.2242,47.0632,5.0597,15.6304,32.5779,0.03121538935309084,0.03810710039624547,0.0,0.001955772467148513,0.0,0.020330946855666745,0.21436968182282234,0.279701905309042,0.0,0.020563756432617267,0.17962857435822172,0.0,0.0,0.0040801574166593815,0.0006528121084453366,0.06879150751599432,0.019372426849329542,0.0,0.003811605258867622,0.11741836385584896
2010-09,23.3814,1.2198,26.0472,40.8837,0.0005,0.0843,16.7757,10.9254,38.3842,42.4431,32.3806,27.0525,19.3635,0.0238,48.9091,4.4984,46.6269,3.9358,13.1873,31.2829,0.031010492882492458,0.037751221737282174,0.0,0.0019475006207476872,0.0,0.02025743452834091,0.2130575104048132,0.2784152771828919,0.0,0.020449105173524974,0.17789261645917737,0.0,0.0,0.004074952557241473,0.0006481958862746825,0.06848976319385333,0.019228157990102163,0.006102756452640858,0.0037952632247430997,0.11687975170587381
2010-10,14.4184,0.4281,24.5527,35.6125,0.0009,0.0809,8.7107,5.726,20.128,23.7137,24.7314,20.4268,24.5948,0.0075,42.3317,2.2504,34.3693,0.6274,11.9485,24.2038,0.031010492882492458,0.037751221737282174,0.0,0.0019475006207476872,0.0,0.02025743452834091,0.2130575104048132,0.2784152771828919,0.0,0.020449105173524974,0.17789261645917737,0.0,0.0,0.004074952557241473,0.0006481958862746825,0.06848976319385333,0.019228157990102163,0.006102756452640858,0.0037952632247430997,0.11687975170587381
2010-11,14.5184,0.3984,25.3389,38.6117,0.0008,0.0792,8.49,5.7766,20.5181,24.0887,24.895,19.5892,24.8862,0.0074,41.163,2.2529,35.0072,0.4386,11.8465,23.512,0.03165786795385032,0.03853931626898234,0.0,0.0019881566450844624,0.0,0.02068032874588866,0.21750529914278302,0.28422747470636783,0.0,0.0,0.1816063028462555,0.0,0.0,0.004160021269709872,0.0006617276240552145,0.0699195555387514,0.01962956502990933,0.006230157600664483,0.0038744931425083546,0.11931973348518943
2010-12,14.3315,0.3946,25.822,37.7566,0.001,0.0715,8.5276,5.7489,19.9051,23.665,24.6243,19.8218,23.5455,0.0073,39.2858,2.1506,36.1018,0.4341,11.6996,23.408,0.03165786795385032,0.03853931626898234,0.0,0.0019881566450844624,0.0,0.02068032874588866,0.21750529914278302,0.28422747470636783,0.0,0.0,0.1816063028462555,0.0,0.0,0.004160021269709872,0.0006617276240552145,0.0699195555387514,0.01962956502990933,0.006230157600664483,0.0038744931425083546,0.11931973348518943
2011-01,13.2832,0.3681,25.1202,33.9991,0.0002,0.0503,8.5392,5.7267,19.3597,24.9887,22.5248,18.6098,23.7753,0.0054,38.9922,1.8973,39.5775,0.4496,12.066,24.1301,0.031775194847243934,0.038736858636968935,0.0,0.002035871322936596,0.0016883340094328045,0.020672927498776677,0.21713810086278051,0.2833836861047549,0.0,0.0,0.17958758286506482,0.0,0.0,0.00432405368399452,0.0006833517165646348,0.0701296942048609,0.019600605586761036,0.00672935328964946,0.003934345213649205,0.11958004015656129
2011-02,11.5949,0.3808,25.5812,39.87,0.0002,0.0652,7.2001,5.8082,18.4123,22.2879,22.7443,19.4874,23.3266,0.0055,37.251,1.5741,40.2924,0.4632,11.8523,21.3813,0.031775194847243934,0.038736858636968935,0.0,0.002035871322936596,0.0016883340094328045,0.020672927498776677,0.21713810086278051,0.2833836861047549,0.0,0.0,0.17958758286506482,0.0,0.0,0.00432405368399452,0.0006833517165646348,0.0701296942048609,0.019600605586761036,0.00672935328964946,0.003934345213649205,0.11958004015656129
2011-03,0.3925,0.3874,22.2841,35.4991,0.0,0.0478,0.1946,4.7008,17.8346,1.038,1.158,17.7909,19.6324,0.0054,33.8701,0.0361,38.5382,0.4688,9.5634,1.0102,0.031775194847243934,0.038736858636968935,0.0,0.002035871322936596,0.0016883340094328045,0.020672927498776677,0.21713810086278051,0.2833836861047549,0.0,0.0,0.17958758286506482,0.0,0.0,0.00432405368399452,0.0006833517165646348,0.0701296942048609,0.019600605586761036,0.00672935328964946,0.003934345213649205,0.11958004015656129
2011-04,0.4881,0.3591,1.1842,2.0817,0.0001,0.0009,0.2154,0.1156,15.9144,0.8995,1.3813,0.5373,0.6629,0.0051,2.6319,0.0319,3.7918,0.242,0.3119,1.1766,0.031775194847243934,0.038736858636968935,0.0,0.002035871322936596,0.0016883340094328045,0.020672927498776677,0.21713810086278051,0.2833836861047549,0.0,0.0,0.17958758286506482,0.0,0.0,0.00432405368399452,0.0006833517165646348,0.0701296942048609,0.019600605586761036,0.00672935328964946,0.003934345213649205,0.11958004015656129
2011-05,0.4911,0.3583,1.2096,1.8089,0.0001,0.0009,0.2316,0.1181,15.3536,0.8482,1.4416,0.539,0.6199,0.0052,2.9488,0.0324,3.6586,0.254,0.3193,1.1927,0.03241045948040505,0.03951130412534845,0.0,0.0020765734195042507,0.0017220879766488006,0.02108623038384194,0.22147922785359928,0.2890492259783144,0.0,0.0,0.1831779822472723,0.0,0.0,0.004410502198017401,0.0006970136053313406,0.07153176001993854,0.0,0.006863889684139313,0.0040130024927278515,0.12197074053491123
2011-06,0.5067,0.3572,1.1363,1.5667,0.0001,0.0008,0.2393,0.1175,14.9005,0.8784,1.4138,0.5398,0.5887,0.0052,2.7768,0.0318,2.8692,0.2539,0.3176,1.2124,0.03247790222889484,0.039593522982758984,0.0,0.0,0.0017256714601337115,0.021130108605723823,0.22194010277173712,0.28965070693728096,0.0,0.0,0.1835591563121768,0.0,0.0,0.0044196799880032046,0.0006984640171438217,0.07168061006950273,0.0,0.006878172714773571,0.004021353127743365,0.12222454878412727
2011-07,0.4669,0.3175,1.4554,3.3776,0.0002,0.0008,0.2483,0.1157,23.758,1.0846,1.3898,0.5975,0.5119,0.0052,2.8439,0.0338,3.6061,0.4963,0.2793,1.2391,0.03247790222889484,0.039593522982758984,0.0,0.0,0.0017256714601337115,0.021130108605723823,0.22194010277173712,0.28965070693728096,0.0,0.0,0.1835591563121768,0.0,0.0,0.0044196799880032046,0.0006984640171438217,0.07168061006950273,0.0,0.006878172714773571,0.004021353127743365,0.12222454878412727
2011-08,0.4877,0.3287,1.5137,3.208,0.0002,0.0008,0.2547,0.1166,24.5802,1.1018,1.3542,0.609,0.5714,0.0052,3.1563,0.0364,3.7421,0.5081,0.2642,1.2549,0.03247790222889484,0.039593522982758984,0.0,0.0,0.0017256714601337115,0.021130108605723823,0.22194010277173712,0.28965070693728096,0.0,0.0,0.1835591563121768,0.0,0.0,0.0044196799880032046,0.0006984640171438217,0.07168061006950273,0.0,0.006878172714773571,0.004021353127743365,0.12222454878412727
2011-09,0.4437,0.3319,1.2077,3.2127,0.0006,0.0008,0.2513,0.1184,24.3564,1.0683,1.3516,0.5113,0.516,0.0053,2.4848,0.0345,3.3485,0.5323,0.2677,1.264,0.03247790222889484,0.039593522982758984,0.0,0.0,0.0017256714601337115,0.021130108605723823,0.22194010277173712,0.28965070693728096,0.0,0.0,0.1835591563121768,0.0,0.0,0.0044196799880032046,0.0006984640171438217,0.07168061006950273,0.0,0.006878172714773571,0.004021353127743365,0.12222454878412727
2011-10,0.4154,0.3601,0.7774,3.2933,6.1186,0.0009,0.2243,0.1037,25.1099,1.1713,1.3386,0.4754,0.4595,0.0057,2.289,0.0366,5.9188,0.5504,0.2772,1.3687,0.03247790222889484,0.039593522982758984,0.0,0.0,0.0017256714601337115,0.021130108605723823,0.22194010277173712,0.28965070693728096,0.0,0.0,0.1835591563121768,0.0,0.0,0.0044196799880032046,0.0006984640171438217,0.07168061006950273,0.0,0.006878172714773571,0.004021353127743365,0.12222454878412727
2011-11,0.4236,0.3777,0.8289,3.3118,1.7716,0.001,0.2237,0.1083,25.3567,1.146,1.2826,0.4655,0.403,0.0058,1.7641,0.0373,6.0652,0.5708,0.2825,1.4059,0.03247790222889484,0.039593522982758984,0.0,0.0,0.0017256714601337115,0.021130108605723823,0.22194010277173712,0.28965070693728096,0.0,0.0,0.1835591563121768,0.0,0.0,0.0044196799880032046,0.0006984640171438217,0.07168061006950273,0.0,0.006878172714773571,0.004021353127743365,0.12222454878412727
2011-12,0.4765,0.4048,0.8746,3.2937,0.586,0.001,0.2421,0.1165,25.9957,1.2205,1.303,0.4929,0.4248,0.0065,2.4419,0.0408,7.168,0.6198,0.3401,1.4663,0.03247790222889484,0.039593522982758984,0.0,0.0,0.0017256714601337115,0.021130108605723823,0.22194010277173712,0.28965070693728096,0.0,0.0,0.1835591563121768,0.0,0.0,0.0044196799880032046,0.0006984640171438217,0.07168061006950273,0.0,0.006878172714773571,0.004021353127743365,0.12222454878412727
2012-01,0.5786,0.4432,0.8329,3.3541,9.5327,0.001,0.2617,0.1299,27.0511,1.844,1.4692,0.4876,0.6467,0.0086,2.6272,0.0475,8.2807,0.8473,0.3942,1.7985,0.03274448400973138,0.039965697397736095,0.0,0.0,0.001760590341305676,0.021243482877222053,0.22213903705721671,0.2907762014351327,0.0,0.0,0.1819046530317774,0.0,0.0,0.004554496928899083,0.0007208485419681303,0.07171727674046516,0.0,0.007317328019512905,0.004060020396989027,0.12109588322204366
2012-02,0.5307,0.4332,0.851,3.1204,1.3145,0.001,0.3237,0.1257,27.8692,4.0493,1.4762,0.6674,0.5793,0.0083,3.0129,0.0481,8.3739,0.8241,0.4782,1.6814,0.03274448400973138,0.039965697397736095,0.0,0.0,0.001760590341305676,0.021243482877222053,0.22213903705721671,0.2907762014351327,0.0,0.0,0.1819046530317774,0.0,0.0,0.004554496928899083,0.0007208485419681303,0.07171727674046516,0.0,0.007317328019512905,0.004060020396989027,0.12109588322204366
2012-03,0.4736,0.3962,0.8531,3.2414,0.0012,0.001,0.3342,0.1219,28.4673,4.3401,1.4635,0.8632,0.6199,0.0083,2.7379,0.0427,10.5354,0.6917,0.4797,1.827,0.03274448400973138,0.039965697397736095,0.0,0.0,0.001760590341305676,0.021243482877222053,0.22213903705721671,0.2907762014351327,0.0,0.0,0.1819046530317774,0.0,0.0,0.004554496928899083,0.0007208485419681303,0.07171727674046516,0.0,0.007317328019512905,0.004060020396989027,0.12109588322204366
2012-04,0.4928,0.4265,1.128,2.9399,0.0003,0.0008,0.3687,0.1269,31.4559,4.5256,1.7675,0.9028,0.5062,0.0097,2.5225,0.0492,12.4657,0.5468,0.4618,3.054,0.03274448400973138,0.039965697397736095,0.0,0.0,0.001760590341305676,0.021243482877222053,0.22213903705721671,0.2907762014351327,0.0,0.0,0.1819046530317774,0.0,0.0,0.004554496928899083,0.0007208485419681303,0.07171727674046516,0.0,0.007317328019512905,0.004060020396989027,0.12109588322204366
2012-05,0.4285,0.3842,1.0541,2.6515,0.0002,0.0007,0.3374,0.1176,31.3897,3.6607,1.7758,0.78,0.4295,0.0087,2.3834,0.0435,11.8261,0.4852,0.5025,3.1559,0.03274448400973138,0.039965697397736095,0.0,0.0,0.001760590341305676,0.021243482877222053,0.22213903705721671,0.2907762014351327,0.0,0.0,0.1819046530317774,0.0,0.0,0.004554496928899083,0.0007208485419681303,0.07171727674046516,0.0,0.007317328019512905,0.004060020396989027,0.12109588322204366
2012-06,0.41,0.3872,1.021,3.3436,0.0002,0.0007,0.3094,0.1124,31.2945,4.6457,1.7604,0.7978,0.4951,0.0069,2.3619,0.0434,10.5689,0.4825,0.6018,3.3476,0.03274448400973138,0.039965697397736095,0.0,0.0,0.001760590341305676,0.021243482877222053,0.22213903705721671,0.2907762014351327,0.0,0.0,0.1819046530317774,0.0,0.0,0.004554496928899083,0.0007208485419681303,0.07171727674046516,0.0,0.007317328019512905,0.004060020396989027,0.12109588322204366
2012-07,0.4789,0.3896,1.3915,6.4971,0.0002,0.0008,0.313,0.1271,34.0989,3.9743,1.8944,1.0093,0.5553,0.0065,2.5753,0.05,11.3675,0.7845,0.5699,5.5683,0.03274448400973138,0.039965697397736095,0.0,0.0,0.001760590341305676,0.021243482877222053,0.22213903705721671,0.2907762014351327,0.0,0.0,0.1819046530317774,0.0,0.0,0.004554496928899083,0.0007208485419681303,0.07171727674046516,0.0,0.007317328019512905,0.004060020396989027,0.12109588322204366
2012-08,0.4947,0.3966,1.4366,6.0465,0.0002,0.0008,0.2964,0.1286,32.8164,3.4364,1.9158,0.9747,0.6565,0.0068,2.6008,0.0517,9.7016,0.8369,0.5549,6.9745,0.03274448400973138,0.039965697397736095,0.0,0.0,0.001760590341305676,0.021243482877222053,0.22213903705721671,0.2907762014351327,0.0,0.0,0.1819046530317774,0.0,0.0,0.004554496928899083,0.0007208485419681303,0.07171727674046516,0.0,0.007317328019512905,0.004060020396989027,0.12109588322204366
2012-09,0.4888,0.3945,1.4556,6.025,0.0002,0.0008,0.2835,0.1285,33.1485,2.5793,1.8742,0.9426,0.6474,0.0071,2.5907,0.0515,8.1965,0.8147,0.5255,6.1347,0.03274448400973138,0.039965697397736095,0.0,0.0,0.001760590341305676,0.021243482877222053,0.22213903705721671,0.2907762014351327,0.0,0.0,0.1819046530317774,0.0,0.0,0.004554496928899083,0.0007208485419681303,0.07171727674046516,0.0,0.007317328019512905,0.004060020396989027,0.12109588322204366
2012-10,0.4863,0.3941,1.3083,7.268,0.0002,0.001,0.2768,0.1295,32.4151,2.6949,2.1546,0.8532,0.6552,0.0061,3.1427,0.0543,8.9028,0.7633,0.5539,6.9323,0.03274448400973138,0.039965697397736095,0.0,0.0,0.001760590341305676,0.021243482877222053,0.22213903705721671,0.2907762014351327,0.0,0.0,0.1819046530317774,0.0,0.0,0.004554496928899083,0.0007208485419681303,0.07171727674046516,0.0,0.007317328019512905,0.004060020396989027,0.12109588322204366
2012-11,0.4773,0.3885,1.2577,8.1153,0.0002,0.0009,0.2597,0.1289,32.1754,2.5252,2.2067,0.778,0.6363,0.006,3.6215,0.052,8.5571,0.745,0.533,6.6998,0.03274448400973138,0.039965697397736095,0.0,0.0,0.001760590341305676,0.021243482877222053,0.22213903705721671,0.2907762014351327,0.0,0.0,0.1819046530317774,0.0,0.0,0.004554496928899083,0.0007208485419681303,0.07171727674046516,0.0,0.007317328019512905,0.004060020396989027,0.12109588322204366
2012-12,0.4722,0.3842,1.1915,7.7907,0.0002,0.001,0.2593,0.129,31.4578,2.403,2.21,0.7957,0.6319,0.006,3.3884,0.0525,8.3231,0.7353,0.5359,5.8535,0.03274448400973138,0.039965697397736095,0.0,0.0,0.001760590341305676,0.021243482877222053,0.22213903705721671,0.2907762014351327,0.0,0.0,0.1819046530317774,0.0,0.0,0.004554496928899083,0.0007208485419681303,0.07171727674046516,0.0,0.007317328019512905,0.004060020396989027,0.12109588322204366
2013-01,0.4388,0.3856,1.1745,4.3146,0.0002,0.001,0.2633,0.1293,33.1056,2.2542,2.2415,0.7093,0.6736,0.0058,1.337,0.0538,8.8285,0.8291,0.9606,4.5314,0.03311742103634628,0.04047291976572172,0.0,0.0,0.0017770005118957915,0.02128661726349421,0.22283645931649676,0.2930204077352414,0.0,0.0,0.1799982725895312,0.0,0.0,0.004697116228928435,0.0007499567594292871,0.07165255704757587,0.0,0.007615041709839021,0.004033994588479632,0.11874223544702031
2013-02,0.4407,0.385,1.172,4.2063,0.0002,0.001,0.2623,0.1263,33.134,2.2549,2.2122,0.6931,0.6727,0.0058,1.1147,0.0547,8.5747,0.8302,0.9556,3.6465,0.032485516850453644,0.039700667379668236,0.0,0.0,0.0017430940654799328,0.020880453313181356,0.21858457958054003,0.28742936784126377,0.0,0.0,0.1765637762325251,0.0,0.0,0.004607491876735472,0.0007356470456686131,0.0702853747818257,0.019080718429104873,0.007469741243147695,0.00395702307359232,0.11647654828681325
2013-03,0.4383,0.3821,1.1683,4.1328,0.0002,0.0009,0.262,0.1253,33.3979,2.2475,2.1753,0.6606,0.6666,0.0059,0.814,0.0556,8.7219,0.8185,0.8929,3.8616,0.032485516850453644,0.039700667379668236,0.0,0.0,0.0017430940654799328,0.020880453313181356,0.21858457958054003,0.28742936784126377,0.0,0.0,0.1765637762325251,0.0,0.0,0.004607491876735472,0.0007356470456686131,0.0702853747818257,0.019080718429104873,0.007469741243147695,0.00395702307359232,0.11647654828681325
2013-04,0.5314,0.4163,2.0413,4.4635,0.0001,0.0009,0.2843,0.1251,33.1229,2.5248,2.6472,0.5223,0.5852,0.0058,0.6962,0.064,9.5389,0.5492,1.1655,4.8352,0.031880966423424986,0.038961844121039174,0.0,0.0,0.0017106553554391442,0.02049187131754475,0.214516754477568,0.28208035191305986,0.0,0.018609844805970062,0.17327795175848182,0.0,0.0,0.004521747167964659,0.00072195676831675,0.0689773748650065,0.01872562922035282,0.007330730517871963,0.003883383488299125,0.1143089377996606
2013-05,0.5641,0.4292,2.0803,4.5622,0.0001,0.0009,0.3062,0.1287,33.5282,2.1235,2.6401,0.5185,0.5703,0.006,0.7613,0.0675,9.3014,0.5652,1.2853,4.8392,0.031880966423424986,0.038961844121039174,0.0,0.0,0.0017106553554391442,0.02049187131754475,0.214516754477568,0.28208035191305986,0.0,0.018609844805970062,0.17327795175848182,0.0,0.0,0.004521747167964659,0.00072195676831675,0.0689773748650065,0.01872562922035282,0.007330730517871963,0.003883383488299125,0.1143089377996606
2013-06,0.5643,0.4559,2.0796,5.7705,0.0001,0.0009,0.3207,0.1324,34.0618,2.1251,2.6123,0.5264,0.7058,0.0062,0.715,0.0681,9.1205,0.5756,1.6442,4.7122,0.031880966423424986,0.038961844121039174,0.0,0.0,0.0017106553554391442,0.02049187131754475,0.214516754477568,0.28208035191305986,0.0,0.018609844805970062,0.17327795175848182,0.0,0.0,0.004521747167964659,0.00072195676831675,0.0689773748650065,0.01872562922035282,0.007330730517871963,0.003883383488299125,0.1143089377996606
2013-07,0.5665,0.4382,2.3949,15.6072,0.0001,0.001,0.3059,0.1313,37.7756,2.2539,2.6474,0.4809,0.5524,0.0052,0.6346,0.076,8.6194,0.8546,3.4374,4.6961,0.031880966423424986,0.038961844121039174,0.0,0.0,0.0017106553554391442,0.02049187131754475,0.214516754477568,0.28208035191305986,0.0,0.018609844805970062,0.17327795175848182,0.0,0.0,0.004521747167964659,0.00072195676831675,0.0689773748650065,0.01872562922035282,0.007330730517871963,0.003883383488299125,0.1143089377996606
2013-08,0.5209,0.4344,2.4455,15.32,0.0001,0.001,0.307,0.134,37.95,2.2748,2.64,0.5007,0.5419,0.0053,0.6894,0.0767,8.6256,0.9995,4.0149,4.1674,0.031880966423424986,0.038961844121039174,0.0,0.0,0.0017106553554391442,0.02049187131754475,0.214516754477568,0.28208035191305986,0.0,0.018609844805970062,0.17327795175848182,0.0,0.0,0.004521747167964659,0.00072195676831675,0.0689773748650065,0.01872562922035282,0.007330730517871963,0.003883383488299125,0.1143089377996606
2013-09,0.503,0.4318,2.472,15.105,0.0001,0.0011,0.2994,0.1332,37.518,2.2538,2.6529,0.4501,0.4817,0.0052,0.6425,0.0756,8.6004,0.8411,3.5334,4.1188,0.031880966423424986,0.038961844121039174,0.0,0.0,0.0017106553554391442,0.02049187131754475,0.214516754477568,0.28208035191305986,0.0,0.018609844805970062,0.17327795175848182,0.0,0.0,0.004521747167964659,0.00072195676831675,0.0689773748650065,0.01872562922035282,0.007330730517871963,0.003883383488299125,0.1143089377996606
2013-10,0.3835,0.3783,1.2502,14.2139,0.0001,0.0011,0.2473,0.1066,36.2452,1.9969,2.1636,0.3655,0.4369,0.0048,0.715,0.0587,6.6276,0.9504,3.3091,3.1829,0.031880966423424986,0.038961844121039174,0.0,0.0,0.0017106553554391442,0.02049187131754475,0.214516754477568,0.28208035191305986,0.0,0.018609844805970062,0.17327795175848182,0.0,0.0,0.004521747167964659,0.00072195676831675,0.0689773748650065,0.01872562922035282,0.007330730517871963,0.003883383488299125,0.1143089377996606
2013-11,0.3873,0.3768,1.2914,13.3047,0.0001,0.0011,0.2449,0.1047,36.3944,1.9955,2.1718,0.3715,0.4429,0.0047,0.6898,0.0591,6.972,0.962,3.3175,3.2227,0.031880966423424986,0.038961844121039174,0.0,0.0,0.0017106553554391442,0.02049187131754475,0.214516754477568,0.28208035191305986,0.0,0.018609844805970062,0.17327795175848182,0.0,0.0,0.004521747167964659,0.00072195676831675,0.0689773748650065,0.01872562922035282,0.007330730517871963,0.003883383488299125,0.1143089377996606
2013-12,0.3801,0.3705,1.3719,11.0275,0.0001,0.001,0.2332,0.1037,36.8211,1.969,2.1593,0.3633,0.426,0.0046,0.6416,0.0583,7.6756,0.9698,3.3131,3.1944,0.031880966423424986,0.038961844121039174,0.0,0.0,0.0017106553554391442,0.02049187131754475,0.214516754477568,0.28208035191305986,0.0,0.018609844805970062,0.17327795175848182,0.0,0.0,0.004521747167964659,0.00072195676831675,0.0689773748650065,0.01872562922035282,0.007330730517871963,0.003883383488299125,0.1143089377996606
2014-01,0.4103,0.3398,1.5235,9.9208,0.0003,0.0012,0.24,0.0998,36.9478,2.2648,1.9232,0.4241,0.434,0.0047,0.6205,0.0599,8.3531,1.0219,3.5841,3.1759,0.03223606758000754,0.039565951944219815,0.0,0.0,0.001746259088983003,0.02049723051127148,0.2154515254697835,0.28535582098141665,0.0,0.018360960714606602,0.17152392754304965,0.0,0.0,0.0046676879074301365,0.000755862954596863,0.06865876597807247,0.018392893620222374,0.007446023429016981,0.0038129380580916106,0.11152808421923138
2014-02,0.416,0.3433,1.4687,9.3636,0.0002,0.0012,0.2411,0.0984,37.1298,2.2854,1.9298,0.399,0.443,0.0047,0.5793,0.0597,8.9406,1.0489,3.7553,3.1953,0.0322355991234305,0.039566078900497806,0.0,0.0,0.0017462590364992025,0.02049828932051985,0.21545228123214183,0.28535644611184807,0.0,0.01836042337007997,0.17152508021304272,0.0,0.0,0.0046676614315177166,0.0007558427765810354,0.06865901171162779,0.018393768994616026,0.0074458737489608235,0.0038128624831699994,0.1115245215454667
2014-03,0.4184,0.338,1.501,8.777,0.0002,0.0012,0.2478,0.0966,37.4471,2.2901,1.9356,0.4014,0.4441,0.0046,0.5575,0.0596,9.1128,1.0609,4.0394,3.2123,0.032235546082660195,0.03956257778831271,0.0,0.0,0.0017462590093546059,0.02049823065270578,0.21545475624571084,0.28535356956614,0.0,0.01836053068524067,0.171525704035176,0.0,0.0,0.0046676477381883,0.0007558790407508181,0.06866156590070015,0.01839280494069896,0.007445888037842347,0.0038128216346322735,0.11152621864188658
2014-04,0.4783,0.3415,2.0497,7.7451,0.0007,0.0019,0.2391,0.0983,35.6212,1.5303,2.4866,2.0551,0.4943,0.0049,0.6472,0.0642,8.9798,0.6988,4.0378,3.7457,0.032235830226346275,0.03956351215695714,0.0,0.0,0.001746259001352424,0.020498177553384005,0.21545204610970442,0.2853509047057185,0.0,0.01836054395216926,0.17153445907066647,0.0,0.0,0.00466764370141776,0.0007558947809203985,0.06866256105941815,0.01839283112573046,0.007445690646725741,0.0038129819145758257,0.11152066399491317
2014-05,0.4911,0.3384,2.0813,6.6821,0.0006,0.002,0.2361,0.0995,35.2775,1.5556,2.4938,2.3251,0.4913,0.0049,0.6578,0.0646,8.4307,0.73,3.8388,3.7294,0.031552966579549084,0.0387249753496304,0.0,0.0,0.0017093229730254541,0.020064512216177353,0.21088979981083367,0.2793125473245664,0.021173931964828648,0.01797136854828967,0.1679000637351506,0.0,0.0,0.004568871121598594,0.0007398707302246152,0.06720858878907397,0.018001830652237972,0.007287691982889435,0.003732194189160281,0.1091614640327639
2014-06,0.4865,0.3637,1.6087,8.6009,0.0059,0.0032,0.2607,0.089,41.7513,1.7001,2.4071,2.2386,0.4265,0.0049,0.848,0.0654,6.8616,1.4052,3.0508,3.4734,0.031554553263752436,0.038725387335095174,0.0,0.0,0.001709322951582806,0.020064367251109938,0.21089386509979086,0.2793106001900433,0.021173810665245697,0.017971163111763208,0.16789784759031448,0.0,0.0,0.004568860304799632,0.0007399211073101289,0.06720948958821905,0.018000866933098242,0.0072876149430908125,0.0037321614671590986,0.10916016819762536
2014-07,0.5216,0.3728,1.5625,8.8125,0.0058,0.0051,0.2679,0.0856,44.5311,1.7356,2.4781,2.3407,0.4492,0.0052,0.8609,0.065,6.2632,2.0257,2.7079,3.5139,0.031548259631778056,0.03874029267539069,0.0,0.0019705339456569998,0.0,0.020047563106271954,0.2108467993992767,0.279082214191909,0.02115207237826464,0.01796686639723238,0.16802819302624541,0.0,0.0,0.004561565333489814,0.0007397129459810991,0.06716317397156439,0.017996141433113465,0.007282334996528551,0.003729598325433387,0.10914467824186366
2014-08,0.5135,0.3835,1.542,9.6742,0.0054,0.0055,0.2653,0.1022,44.3291,1.7732,2.4831,2.3128,0.428,0.0047,0.7432,0.0649,6.0624,2.2439,2.6604,3.7451,0.03154918403381211,0.03874064676261298,0.0,0.001970543539908997,0.0,0.020047662260535355,0.21084572076062502,0.27909025604672627,0.021149363905293653,0.01796694484381394,0.16801976374895647,0.0,0.0,0.004561572732042837,0.0007398281712391606,0.06716260259412705,0.017996132045240924,0.007282358969806744,0.003729583710457166,0.10914783587480129
2014-09,0.476,0.3991,1.7861,10.0321,0.0079,0.0041,0.2836,0.1058,41.1101,1.8056,2.3973,1.3515,0.4372,0.0052,1.4493,0.0693,6.3709,2.2453,3.8079,3.9036,0.031549894307798636,0.03873438437586253,0.0,0.0019705482597184945,0.0,0.020046134108290148,0.21084847502551746,0.2790899742416116,0.021150334866075454,0.017966924613317285,0.16801386863305776,0.0,0.0,0.004561572021008691,0.0007398275927191106,0.06716621242470273,0.017996562069746716,0.007282472099330551,0.0037295817075601078,0.10915323365368272
2014-10,0.5103,0.4183,1.9375,9.6073,0.0095,0.0051,0.2819,0.106,40.9289,1.5306,2.4891,1.5168,0.4357,0.0053,1.4453,0.0602,6.677,2.0673,4.0644,3.9787,0.031550309170299676,0.03873522556179357,0.0,0.001970538746469137,0.0,0.020046599940823983,0.21084281417226722,0.279087724523747,0.021150216924893668,0.01796729290433472,0.16802918188967403,0.0,0.0,0.00456174295578977,0.0007398642582809673,0.0671669483582996,0.01799340580671695,0.007282246319332509,0.003729420709362765,0.10914646775791453
2014-11,0.6457,0.4905,2.3278,10.1372,0.0081,0.0051,0.3067,0.1231,41.3938,1.1598,3.2151,1.2761,0.4739,0.0047,1.4128,0.1019,7.2639,2.1786,4.3237,3.3108,0.03148042166221911,0.038631585900711606,0.0,0.0019684241878834396,0.0,0.020020275278764287,0.21041071084758603,0.27870157970657056,0.021128181958929813,0.017930907341912345,0.16748549200335391,0.0020239836062924624,0.0,0.004559642438176687,0.0007381853373591268,0.06705987464327476,0.017957519448119023,0.007271652504810847,0.0037238695614233296,0.10890769357261255
2014-12,0.8357,0.5434,2.7078,9.5697,0.0105,0.0055,0.3219,0.1294,41.484,0.9795,4.0328,0.8812,0.3867,0.0051,1.6647,0.1102,7.9936,2.8528,4.58,3.6782,0.03148079645658152,0.038631840697952884,0.0,0.0019684339157848424,0.0,0.02002037653968741,0.21041267565639815,0.27870066843761676,0.021128266456857715,0.017930937424517863,0.16748096727404707,0.0020239933664846018,0.0,0.004559650518065882,0.0007381904710938109,0.06706024928092377,0.01795701325235794,0.0072715198297617556,0.0037239519728209337,0.10891046844904696
2015-01,0.8393,0.5729,2.7525,9.7955,0.0114,0.0067,0.3678,0.1319,39.7729,1.0059,4.1119,1.0116,0.3885,0.0054,1.6248,0.1189,8.2402,3.9036,4.6214,3.8761,0.03231836615490723,0.039732272712079277,0.0,0.0019397883466640438,0.0,0.020474331734364876,0.21446505165004046,0.28819746654874917,0.0,0.01853418804175803,0.16822637284491362,0.0021097456400069425,0.003355516334805832,0.004811654869066221,0.0007913555378134167,0.06791605659028405,0.017876243921249306,0.007513347030559942,0.0037459149424344407,0.10799232710030304
2015-02,0.9888,0.6145,3.8444,9.7243,0.008,0.0072,0.3729,0.153,38.216,1.0396,3.7619,0.4189,6.76,0.0069,1.7179,0.1309,8.1678,3.7876,3.7492,3.9305,0.0323182865742405,0.03973284196731496,0.0,0.001939761842907483,0.0,0.020474473614655632,0.2144674029768657,0.28819374828989147,0.0,0.018534595919986328,0.1682247768912028,0.00210974850648647,0.0033554958021857016,0.0048116430014104716,0.0007913463808672608,0.06791619928780476,0.017876888876126647,0.007513327500289313,0.0037458773272874683,0.10799358524047695
2015-03,0.9889,0.6146,3.91,9.7256,0.008,0.0072,0.373,0.1531,38.218,1.0398,3.7625,0.419,6.761,0.0069,1.7182,0.1309,8.169,3.7882,3.7498,3.9311,0.032318185750619344,0.039728298403995534,0.0,0.0019397529578467428,0.0,0.020475197807836666,0.214470105108245,0.2881907781076217,0.0,0.01853466096136915,0.1682269564612205,0.002109750694670467,0.003355507175586184,0.004811630636537943,0.000791386264463944,0.0679181219193271,0.01787582821467016,0.007513315265580908,0.0037458123979007365,0.10799471187250805
2015-04,1.0337,0.5806,5.6777,8.5448,0.002,0.0168,0.3601,0.1497,36.8413,0.9737,3.6284,0.4675,5.2803,0.0079,1.6022,0.134,9.0288,4.0282,4.3489,4.282,0.03231861015483938,0.03972924308919741,0.0,0.0019397497846919557,0.0,0.020475230175824404,0.21447064708473837,0.288189887452678,0.0,0.01853472170468632,0.1682309822374117,0.002109760845961538,0.0033554819115358217,0.0048116330961653015,0.0007913882274689866,0.0679154019070057,0.017875703272077558,0.007513370200361752,0.0037458456257101476,0.10799234322964556
2015-05,1.0002,0.6574,5.8954,6.4829,0.0017,0.0174,0.3522,0.1568,37.2924,0.9658,4.0313,0.4598,5.7919,0.0104,0.6445,0.1472,10.0208,5.1393,4.3687,4.4319,0.03231820494966001,0.03972924429597817,0.0,0.0019400237538662512,0.0,0.020474959611213765,0.21447122372516136,0.288189101236351,0.0,0.01853455311542616,0.16823142476100045,0.002109758389390212,0.0033554756987485695,0.004811612580297072,0.0007913718539510051,0.06791546459466948,0.017876339259342944,0.007513314765210542,0.0037457680443406674,0.10799215936539229
2015-06,0.9701,0.6244,5.4544,6.5233,0.0015,0.0176,0.3563,0.1538,36.9424,0.8777,3.9256,0.5729,11.1466,0.0103,0.5963,0.137,10.0186,8.1658,4.5495,4.9061,0.032319391879907795,0.03972988917680044,0.0,0.0019397968930292384,0.0,0.020474861952103504,0.21447480046664896,0.28818684858572347,0.0,0.018534518122140246,0.1682250238350154,0.0021097687933394685,0.003355484577081236,0.0048116051590520285,0.0007913717588617571,0.06791649714758154,0.017875949489762084,0.007513321161212995,0.0037457752395060025,0.10799509576223372
2015-07,0.7318,0.4966,4.7062,5.7763,0.0023,0.0182,0.3247,0.1099,37.2927,0.8477,2.9963,0.5227,14.1757,0.0072,0.2582,0.1046,10.2452,6.7548,3.2037,4.9549,0.03231722640462259,0.039731526837003366,0.0,0.0019398189494074477,0.0,0.020473571562212547,0.2144733381100633,0.2881869419819154,0.0,0.018534810224129512,0.168228693254582,0.0021097846654081387,0.0033555183453859837,0.0048116179297071765,0.0007913819914593151,0.06791476477706335,0.017877067665401536,0.007513381261125031,0.0037461749492149242,0.10799438109129832
2015-08,0.811,0.5203,4.4242,6.0486,0.0023,0.019,0.3774,0.1242,35.6737,0.8905,3.0509,0.4916,3.9047,0.0078,0.2553,0.1099,9.8466,7.0392,3.11,5.6153,0.03231744201329731,0.0397313408392392,0.0,0.0019398240247151572,0.0,0.020473527357774555,0.21447353657030613,0.2881897906492909,0.0,0.018534553213584194,0.16822389372813193,0.0021097826561181565,0.0033555136375256426,0.004811585244149968,0.0007913797131884351,0.06791440042866613,0.017877231283109415,0.007513363024166843,0.0037462510533399305,0.10799658456339599
2015-09,0.7743,0.494,4.4468,6.0507,0.0023,0.0183,0.3695,0.1212,32.7483,0.9809,2.6059,0.4805,5.4852,0.0069,0.2569,0.0976,9.287,5.2236,2.9323,6.2007,0.03231741152028142,0.039728600574420875,0.0,0.00193980572991134,0.0,0.020474067400709478,0.2144751441973392,0.2881874730016489,0.0,0.0185346149648291,0.16822371159593616,0.0021099049155052442,0.003355553701525791,0.0048115729961620965,0.0007913697384261157,0.06791414794518154,0.017878252284905048,0.00751329950794236,0.00374629083061257,0.10799877909466273
2015-10,0.7743,0.494,4.4468,6.0507,0.0023,0.0183,0.3695,0.1212,32.7483,0.9809,2.6059,0.4805,5.4852,0.0069,0.2569,0.0976,9.287,5.2236,2.9323,6.2007,0.03231766899771027,0.039729473475957594,0.0,0.0019398098654029826,0.0,0.020474306931721857,0.21447118405765891,0.28818601941075606,0.0,0.01853474096476692,0.16822929198494782,0.0021099169102867968,0.003356014577198716,0.004811569211227249,0.0007913763599879273,0.06791473061738652,0.017877224093175388,0.007513321244172202,0.0037463057078972553,0.10799704558974565
2015-11,0.732,0.5238,5.2163,5.8091,0.0047,0.0106,0.3988,0.1268,35.3335,1.1204,2.9273,0.4304,3.6322,0.0042,0.169,0.095,8.3761,3.1391,2.9724,4.7159,0.03231780613795398,0.039729868011915206,0.0,0.0019396828988751,0.0,0.02047450197926676,0.2144696745800643,0.2881882743396084,0.0,0.018534545070446534,0.16822719106816322,0.0021099123108195136,0.0033560282897970436,0.00481156214469784,0.0007913803959466543,0.06791538455215669,0.017877361815490444,0.007513330712401235,0.0037462645729608945,0.10799723111943609
2015-12,0.7321,0.5239,5.193,5.8098,0.0047,0.0106,0.3988,0.1268,35.3351,1.1206,2.9277,0.4392,3.6327,0.0042,0.169,0.095,8.377,3.1395,2.9728,4.7165,0.0323185537371909,0.03973051369710202,0.0,0.0019395746088927363,0.0,0.020474661709316413,0.21447326611041598,0.28818773172635054,0.0,0.018534709233953436,0.1682189261520415,0.002110051510408789,0.003356043532876191,0.004811574177902058,0.0007913520666286278,0.0679158667991791,0.017877739884078214,0.0075133287300222125,0.0037461578633581605,0.10799994846028305
2016-01,0.7321,0.5239,5.193,5.8098,0.0047,0.0106,0.3988,0.1268,35.3351,1.1206,2.9277,0.4392,3.6327,0.0042,0.169,0.095,8.377,3.1395,2.9728,4.7165,0.032596033403664605,0.03993771427579971,0.0,0.0018677161416229655,0.0,0.0204811335906432,0.21404668850385744,0.2915154447936764,0.0,0.02025200339785622,0.16556056071517436,0.002188972162108377,0.0034808372225610756,0.004944631875655642,0.0008420207568622789,0.06759501427741291,0.017488786783580932,0.007587513580212593,0.003715367699266259,0.10589956082004508
2016-02,0.6556,0.4786,5.5253,6.8136,0.017,0.0109,0.3537,0.1042,37.2559,1.1216,3.2716,0.9241,3.3283,0.0038,0.2674,0.0918,7.4961,2.6119,3.849,4.0345,0.032597489393894015,0.03993725582169231,0.0,0.0018676623003432969,0.0,0.02048103003559762,0.21404332046303862,0.29151463364510216,0.0,0.020252073044734174,0.16556571489865973,0.0021889757564517217,0.0034805308558968945,0.0049446242131017505,0.0008420741876443974,0.06759376928980569,0.017488135816984635,0.007586812414590369,0.00371505792969051,0.10590083993277208
2016-03,0.5489,0.5812,4.6032,6.4051,0.0124,0.0113,0.353,0.0904,32.6983,0.8173,3.3956,0.7562,5.4373,0.0035,0.1884,0.0923,7.8516,1.3515,3.1043,2.8856,0.03259719342967209,0.03993457460342373,0.0,0.0018676373893785762,0.0,0.02048199221593082,0.21404530021461884,0.2915120255625766,0.0,0.020251300291819867,0.1655658798730018,0.0021889731293557656,0.0034805399630412825,0.0049446078749562335,0.0008420398605123755,0.06759420054703394,0.017488631333982527,0.007586874409368882,0.003715488523557884,0.10590274077776882
2016-04,0.5209,0.5338,4.2347,6.3626,0.0326,0.0145,0.3648,0.0906,32.1041,0.5221,3.5187,0.5662,5.7997,0.0029,0.179,0.1126,7.4537,1.1479,3.33,3.2757,0.03259810511396368,0.039936437363434336,0.0,0.0018676550283732126,0.0,0.020480278320179533,0.21404703872221137,0.2915093552716355,0.0,0.020249676199783247,0.16557174964717852,0.002188993341563293,0.003480578066528515,0.004944623769545859,0.0008420768345916817,0.06759163362982497,0.017489475121430113,0.0075870978227490496,0.003715411397364442,0.10589981434964273
2016-05,0.4408,0.5713,3.6091,4.4563,0.0339,0.0155,0.3871,0.0847,31.4227,0.5593,3.4313,0.5329,14.2592,0.0031,0.1762,0.107,7.1816,1.0706,3.263,3.0118,0.03259773317580822,0.03993726221119569,0.0,0.0018676428022375959,0.0,0.02048003109556539,0.21404803204677458,0.2915101628642072,0.0,0.02024938976473643,0.1655691924919959,0.002189177872433256,0.0034805535079170833,0.004944605098338944,0.0008420611942378713,0.06759147436096972,0.01748970147968515,0.007587182282049079,0.003715700807219337,0.10590009694462851
2016-06,0.4597,0.4322,3.1571,5.7062,0.0412,0.0147,0.4116,0.0846,35.7261,0.6228,3.2763,0.5369,11.4431,0.0032,0.1681,0.1125,7.9153,1.4595,2.6051,2.6563,0.03259753959666874,0.039937715075490855,0.0,0.0018676262862275255,0.0,0.020480135939941493,0.21404957941145078,0.2915063628928448,0.0,0.020249110439475953,0.16556934610663532,0.002189174887194147,0.0034805599071379405,0.004944590749322888,0.0008420491744638442,0.06759202088876934,0.017489745749019885,0.007587230107248442,0.003715651441793899,0.10590156134631415
2016-07,0.4569,0.4342,3.1722,5.5467,0.0404,0.0168,0.4146,0.0829,35.3045,0.6006,3.2815,0.5322,11.4242,0.0032,0.1666,0.1124,7.8985,1.453,2.5577,2.6644,0.03259821220475588,0.03993918006465218,0.0,0.0018679066701749857,0.0,0.020480248048526634,0.2140478962121673,0.2915051457635315,0.0,0.020249151553142983,0.16557259631681726,0.0021891509516537826,0.0034805876919211803,0.0049445991955918206,0.00084205646572752,0.06758925714185887,0.017489377705712045,0.007587270849739905,0.003715680499790457,0.10590168266423597
2016-08,0.5602,0.3961,2.4335,5.9276,0.012,0.0182,0.4318,0.0925,37.9023,1.3912,3.3734,0.7468,7.5908,0.0044,0.189,0.1316,7.8976,1.232,2.8184,2.7271,0.03259844201945484,0.03993926264717702,0.0,0.00186792395884061,0.0,0.020480268766517318,0.21405010394274296,0.2915090573645488,0.0,0.020249170725042797,0.16556440150392537,0.0021891610520467833,0.003480614608091143,0.00494460075648674,0.0008420580061683312,0.06758930646992194,0.01748970091160486,0.007587276726746738,0.003715685869792239,0.10590296467089169
2016-09,0.5842,0.4049,2.2112,5.0209,0.0123,0.0153,0.415,0.0937,38.9016,1.2795,2.972,0.732,8.5898,0.0059,0.1841,0.1216,6.9911,0.887,3.2062,2.5993,0.032595407312453875,0.0399366870690642,0.0,0.0018679326274663637,0.0,0.020481131800423213,0.21405388898936617,0.2915095073314866,0.0,0.020249300145160038,0.1655622422429116,0.0021891721860096748,0.0034807628808086253,0.004944599245196164,0.000842056739833486,0.06759019690227647,0.01748907111213016,0.007587347408646529,0.003715975034942942,0.1059047209718239
2016-10,0.718,0.4007,2.1532,5.0079,0.0101,0.0094,0.4068,0.0876,38.3467,0.8709,2.7219,0.8742,4.4595,0.0056,0.1835,0.1,5.722,0.772,3.0062,2.9308,0.03259855435564444,0.03993723177578986,0.0,0.0018679261257843929,0.0,0.020481429910650235,0.214050821746542,0.2915077575327319,0.0,0.02024960603671585,0.16556594620059778,0.0021893725843077565,0.003480742920745466,0.004944599493258298,0.0008421038265506709,0.06759069855534135,0.017488173258700956,0.00758746040128563,0.003715958116596599,0.10590161715875666
2016-11,0.7828,0.3775,2.1384,4.7362,0.0106,0.0102,0.3846,0.0853,38.7497,0.863,3.1028,0.7252,8.571,0.0056,0.2079,0.1065,5.2342,0.7431,2.9728,3.0779,0.03259962145815797,0.039937542465968014,0.0,0.0018679144073135907,0.0,0.020481579671956483,0.21404862345143247,0.2915091545018455,0.0,0.020249427868117332,0.16556546496218513,0.0021893630366136185,0.003480755230357766,0.004944589215444049,0.0008420403966833813,0.06759060357887446,0.017488552363602975,0.007587204558405456,0.0037157748326384836,0.10590178800040334
2016-12,0.7527,0.4533,2.3928,5.395,0.0211,0.013,0.3515,0.0891,35.2098,1.2133,3.3203,0.9817,4.9461,0.0055,0.4061,0.1155,5.5143,1.0171,4.0459,3.5872,0.03259957082160754,0.039937229173703064,0.0,0.0018678342712862312,0.0,0.02048165632209263,0.21405082999934655,0.2915064815566282,0.0,0.020249400493827743,0.16556446599068025,0.002189376905127612,0.0034807682214160304,0.004944594661933068,0.0008420439410496808,0.06759083757998413,0.01748850005451339,0.007587078913157974,0.0037156454347378014,0.10590368565890806
2017-01,0.7431,0.4529,2.4561,5.5046,0.0201,0.0151,0.3332,0.0856,33.6427,1.1178,3.5361,1.0044,2.704,0.0054,0.3816,0.1147,7.0677,0.9962,3.7846,3.9238,0.032859154377285225,0.04009015756145123,0.0,0.001812440692623089,0.0,0.020411572060518374,0.21295855252381946,0.2942696605214766,0.0,0.021854122324199043,0.1630808638634612,0.002251603635506665,0.003560988717503079,0.005075559469306426,0.0008999865701788417,0.06744733882560718,0.017324580549505565,0.007625496511127688,0.0037025031757119365,0.10477541862071846
2017-02,0.6549,0.4,2.2164,5.0063,0.0184,0.0126,0.3138,0.0771,29.5928,0.5795,3.2421,0.9909,4.2583,0.0037,0.2541,0.0977,8.3518,0.9436,3.152,3.9475,0.03285674811576228,0.04009195926597665,0.0,0.0018124148572042794,0.0,0.02041292813095668,0.2129583115174196,0.29426655631707727,0.0,0.021854321487456287,0.16307757120007563,0.002251799694262316,0.003560959888547057,0.0050761630354103394,0.0009000416347279864,0.06744857961316925,0.01732486612729374,0.007625610315960584,0.0037025025747333207,0.10477866622396675
2017-03,0.6608,0.4329,2.3691,5.5321,0.0172,0.0137,0.3669,0.0834,31.198,0.5196,3.5021,0.7439,2.9872,0.0041,0.2151,0.1024,8.6342,0.6882,3.1856,4.5011,0.032855538521461725,0.04008897213747185,0.0,0.001812400642538829,0.0,0.02041300767689455,0.21295948640539322,0.2942659513601918,0.0,0.021854221860113536,0.16307910724333072,0.0022517932807763494,0.0035609456305876076,0.005076143410180195,0.0009000288144960488,0.06744809955494462,0.017324834180321873,0.007626200443231155,0.003702601589960117,0.10478066724810602
2017-04,0.638,0.3879,2.1403,4.8134,0.0281,0.0083,0.3462,0.08,30.3013,0.3512,3.2267,0.6838,2.0787,0.0034,0.198,0.091,8.7548,0.6667,2.769,4.2815,0.03285744853152485,0.040089970766950055,0.0,0.0018123766491296225,0.0,0.02041202517142486,0.2129574701505193,0.2942658719155563,0.0,0.02185493777159215,0.1630827938702849,0.002251798030068346,0.003560972301786777,0.005076149435340399,0.0009000327504474091,0.06744590160851015,0.017325635876986163,0.007626080635251509,0.003702537534344626,0.10477799700028258
2017-05,0.7037,0.4084,2.5041,4.9634,0.0249,0.0085,0.379,0.0831,30.3703,0.3626,3.309,0.7247,2.4733,0.0033,0.2054,0.1039,9.5451,0.6655,2.88,4.3407,0.03285659059036831,0.04008988059907319,0.0,0.0018123582906278024,0.0,0.020411759325902865,0.21296022676282203,0.2942669381027806,0.0,0.021854370881804305,0.16307931552480262,0.0022517838657462714,0.0035613570438631126,0.005076125054827836,0.000900016823815033,0.06744554547915689,0.017325589437929736,0.007625782895626316,0.003703064156057258,0.10477929516479582
2017-06,0.7592,0.2905,2.5885,6.9861,0.0186,0.0086,0.3395,0.0761,28.2464,0.3249,2.9625,0.6887,2.3421,0.0031,0.1636,0.098,9.1056,0.7948,2.2592,3.4849,0.032856949285827754,0.040086966663308535,0.0,0.0018124469301619385,0.0,0.020411713053376853,0.21296186377962095,0.29426466280213953,0.0,0.021854435631268126,0.1630787212530916,0.0022518882313587217,0.0035613449168389456,0.00507612081120585,0.0009000140516580848,0.06744607217980214,0.017325920803572974,0.007625873720715305,0.003703051308386939,0.10478195457766579
2017-07,0.7648,0.2714,1.8494,5.0544,0.065,0.0114,0.2719,0.0667,25.3309,0.2369,2.9233,0.5083,3.1408,0.0031,0.1617,0.0794,6.7674,0.6119,1.734,2.7998,0.032856690349586805,0.040087228861320816,0.0,0.0018124531602265023,0.0,0.02041178338423653,0.2129587906069373,0.29426221732263547,0.0,0.02185479802478489,0.16308635851876999,0.0022518936126156752,0.0035613702553520337,0.0050761272612013025,0.0009000185915238873,0.06744302244439011,0.017326363526930594,0.007625899429393639,0.003703070835907397,0.10478191381418708
2017-08,0.7648,0.2714,1.8491,4.1531,0.0145,0.0105,0.1968,0.0533,19.4119,0.2333,0.2488,4.3011,3.1408,0.0029,0.1564,0.0522,0.3344,0.5045,1.734,2.4274,0.03229121134493436,0.0393970332268257,0.0,0.0017812350689343922,0.0,0.020060154484596093,0.20929056174107882,0.2891987500933794,0.01722932524696022,0.021478026777563757,0.1602673012282913,0.002213109073091131,0.003500003182868431,0.004988720532717471,0.0008845109617077368,0.06628117933637385,0.017028027640555977,0.007494532305237611,0.0036392553205439886,0.10297706243433963
2017-09,0.5184,0.2332,1.8621,3.8846,0.0125,0.0075,0.25,0.0715,19.7343,0.221,2.2605,0.4511,3.1619,0.0028,0.1511,0.0441,2.8269,0.5053,1.7462,2.3279,0.032291943217852545,0.03939511658855143,0.0,0.001781222847645729,0.0,0.020059177662177383,0.2092946713845953,0.2891969312417283,0.01722926113302971,0.02147806197763514,0.16026671762346595,0.002213100542054164,0.0034999942595109923,0.004988710307383277,0.0008844970667693114,0.06628132756912423,0.017027888739757177,0.007494581473836059,0.0036394262723076507,0.10297737009257575
2017-10,0.4936,0.3075,1.7935,3.5225,0.0081,0.2006,0.1746,0.0495,16.2256,0.1816,2.3216,0.4165,2.6274,0.0002,0.1299,0.053,2.5456,0.4614,1.4764,2.3926,0.032292122374090945,0.03939629610830456,0.0,0.0017812296151210982,0.0,0.020059530988081494,0.20929090365005676,0.2891964636100774,0.017229291316796912,0.021477428784561332,0.1602702678383702,0.00221311140303801,0.0035000215228572448,0.004988716393169565,0.0008845010263644035,0.06628331428044475,0.01702661029168595,0.007494958421932088,0.003639077075436435,0.10297615529961095
2017-11,0.466,0.3594,1.7577,4.7718,0.0063,0.2117,0.1896,0.0511,17.3546,0.211,2.4695,0.3145,1.0321,0.0002,0.1473,0.0557,3.0186,0.4808,1.4775,2.5014,0.03229243086356746,0.03939584326872941,0.0,0.001781223020149463,0.0,0.020059699056094216,0.20929210618480243,0.28919945767641647,0.017229225086399888,0.02147745443413025,0.1602637399621489,0.0022131090246857122,0.00350019284938894,0.004988705294737132,0.0008844178594900773,0.06628348681297752,0.01702679017876052,0.007494980728473316,0.003639044245556982,0.10297809345349133
2017-12,0.4216,0.3677,1.8743,3.9686,0.0056,0.2135,0.1815,0.0533,17.1096,0.2288,2.5283,0.3322,1.1274,0.0002,0.1594,0.0558,3.0596,0.5384,1.6339,2.5584,0.03229240509458688,0.03939580826420375,0.0,0.0017812270782796005,0.0,0.020059691953143614,0.2092927200840324,0.28919737816691166,0.01722926423250091,0.021477327814500922,0.1602632512752353,0.002213111636857981,0.00350020498359425,0.004988704635970664,0.0008844144768540989,0.06628343266432334,0.017027034338173413,0.007494978076037207,0.003638883571617336,0.10298016165317654
2018-01,0.3796,0.3339,1.8669,3.8587,0.0063,0.2003,0.1881,0.0495,17.8381,0.2295,2.4461,0.3582,0.5873,0.0002,0.1764,0.0499,2.8911,0.5625,1.7474,2.3663,0.03239132424492692,0.03940011151296684,0.0,0.0017493498045171448,0.0,0.01998601530631475,0.20759070971092855,0.29157867829860135,0.016611648997697005,0.023390498891764228,0.15813724527400475,0.0022437048856645747,0.003577477503027664,0.0050754617278643615,0.0009562037943007567,0.06626761922748234,0.017085645367178753,0.007507871187408022,0.00366899985277638,0.10278143441257578
2018-02,0.3622,0.3185,1.8773,3.9086,0.0061,0.2006,0.1764,0.0464,20.2548,0.2412,2.4688,0.3958,0.5902,0.0002,0.1773,0.0486,2.8565,0.5098,1.7557,2.3773,0.032391501173987744,0.0393997806683312,0.0,0.0017493462026910128,0.0,0.01998681535944143,0.2075890747142814,0.2915765281318031,0.016612487503687812,0.023390577084967137,0.1581359056239541,0.002243704270687475,0.0035770997184972776,0.005075453740138213,0.0009561988627224833,0.06626714270656146,0.017085866898962035,0.007507888437306244,0.0036689753063141174,0.10278565359566566
2018-03,0.3496,0.3138,1.6962,3.7823,0.0056,0.2009,0.1859,0.0477,20.3872,0.2564,2.3137,0.4091,1.2013,0.0002,0.1958,0.0489,2.8192,0.5341,1.5304,2.4033,0.032391380370927966,0.03939846806778755,0.0,0.0017493365939388928,0.0,0.019986653207167363,0.20758930893461108,0.2915749781320055,0.01661238999754066,0.023390495274724275,0.15813718534406043,0.002243586648654715,0.0035770792634491296,0.0050754391919001765,0.0009561898807201861,0.0662680987375074,0.017085927930109553,0.007507879237343608,0.0036690040065924328,0.10278659918095899
2018-04,0.325,0.2777,1.4904,3.2315,0.0063,0.2047,0.1673,0.0415,19.337,0.2162,2.0038,0.3647,1.0244,0.0006,0.1535,0.045,2.4476,0.4448,1.2971,2.1658,0.0323918820741295,0.03939999193210952,0.0,0.0017500347240798095,0.0,0.019987011566301633,0.20758875289622913,0.29156975954446374,0.01661242763865031,0.023391764776966268,0.15814202198817112,0.002243602855984904,0.0035771164874113344,0.005075444910828915,0.0009561575754278734,0.06626533184992417,0.017086904792996533,0.007507959309314922,0.003669005186578672,0.10278482989043157
2018-05,0.3324,0.2792,1.4138,3.2706,0.0064,0.2074,0.1688,0.0377,21.0788,0.3148,2.0832,0.3869,1.94,0.0006,0.1221,0.0467,2.5757,0.4703,1.3197,2.2697,0.032391762480043974,0.0393986306022478,0.0,0.0017500208727718465,0.0,0.019986841045391376,0.20758702790193373,0.2915714482244815,0.016612315834060254,0.023391673933313428,0.1581426741322306,0.0022437867220775573,0.003577062953347579,0.005075429776512396,0.0009561484549449861,0.06626531287728504,0.017086992187039633,0.007507930813036978,0.0036689583231305357,0.10278598286615084
2018-06,0.3234,0.2781,1.5714,3.0131,0.0058,0.2089,0.1603,0.0388,21.121,0.202,1.9623,0.4061,1.9274,0.0006,0.0854,0.044,2.2798,0.4487,1.1308,2.2142,0.03239199339947386,0.03939613457314548,0.0,0.0017500141972669105,0.0,0.019987057947484937,0.20759245678573357,0.2915694376985413,0.016612276357406093,0.023391463253486126,0.15814025168480741,0.0022437874404677618,0.003577080801096505,0.00507542349802342,0.0009561427628234452,0.06626580637129553,0.017085235015281627,0.007508361153076273,0.0036689388817740588,0.10278813817881557
2018-07,0.2848,0.2949,1.5688,3.1526,0.0254,0.2511,0.1577,0.0381,19.5387,0.219,2.004,0.3742,3.433,0.0006,0.0866,0.0434,2.3033,0.437,1.1328,2.1698,0.03239193941293213,0.03939701758042611,0.0,0.0017502550657982135,0.0,0.019987002228056466,0.20759558019850965,0.2915662043103462,0.01661170229537459,0.023391492494046925,0.15814437965314185,0.0022437890358502346,0.00357709717684059,0.0050754186046388676,0.0009560924220434602,0.06626261074081352,0.01708571249252051,0.007508338549094649,0.0036689237293968165,0.10278644401016918
2018-08,0.3329,0.3019,1.3483,3.1607,0.0262,0.2663,0.1621,0.0406,19.7813,0.2096,2.037,0.3599,3.3829,0.0005,0.0878,0.046,2.6827,0.557,1.2511,2.2076,0.032391865619522314,0.03939691700993603,0.0,0.0017502541303852349,0.0,0.01998697432152187,0.2075959567920619,0.2915694594281045,0.016611677093981956,0.023391517219459066,0.15813991388032103,0.0022437869127086333,0.003577121748662612,0.005075416153834739,0.0009560909954060194,0.0662625242137314,0.01708565262558338,0.007508327707512353,0.003668916140475835,0.1027876280067912
2018-09,0.3743,0.2987,1.5234,3.2295,0.0266,0.2727,0.1667,0.0453,19.9821,0.1676,2.1605,0.3128,2.4264,0.0005,0.0937,0.0499,3.0486,0.6956,1.1952,2.1493,0.03239162870392035,0.03939745902401661,0.0,0.0017506495278525513,0.0,0.01998612180430512,0.20759853280152468,0.29156673636261987,0.016611581021397277,0.023391366583322283,0.15813841300927214,0.002243878648745194,0.00357713625990577,0.005075400952602133,0.0009560618158693273,0.06626285311010853,0.017085618419205008,0.007508318721979134,0.0036688690698218735,0.10278937416353204
2018-10,0.3774,0.3032,1.5039,3.7443,0.0063,0.5553,0.1747,0.0474,18.0096,0.1612,2.2996,0.3394,1.3281,0.0004,0.0787,0.0484,2.9552,0.6906,1.0122,2.0832,0.03239020915152851,0.0393982269375915,0.0,0.0017506114454392395,0.0,0.01998652300015602,0.20759744874610506,0.29156609626402963,0.01661164402162042,0.023389646846140102,0.15814226268437576,0.002243863082020161,0.003577123657036048,0.005075410950133383,0.0009560675502797438,0.066264190570838,0.017085964799681254,0.007508414884412574,0.003668900317407964,0.10278739509120476
2018-11,0.4706,0.3858,1.7048,5.0546,0.0096,0.7349,0.2373,0.0592,20.4253,0.2027,3.0031,0.3885,1.6416,0.0004,0.099,0.0662,3.7609,0.7379,1.3144,2.8767,0.03231962003470752,0.03929889949967877,0.0,0.0017473431462311179,0.0020157052712561764,0.01995965312959592,0.20711583975454734,0.29123735285935265,0.016596695233836688,0.023351365118953256,0.15760630889293123,0.0022417083042387226,0.0035743955774659945,0.0050730167555959665,0.0009546942818445748,0.06617781945750911,0.01704428555982224,0.00749759695242009,0.0036614863979579355,0.10252621377205463
2018-12,0.4707,0.3922,1.8377,5.0555,0.0098,0.735,0.2406,0.0674,21.3572,0.2028,3.2273,0.3885,1.6417,0.0004,0.0976,0.0688,3.7614,0.7872,1.3147,4.5979,0.03231962003470752,0.03929889949967877,0.0,0.0017473431462311179,0.0020157052712561764,0.01995965312959592,0.20711583975454734,0.29123735285935265,0.016596695233836688,0.023351365118953256,0.15760630889293123,0.0022417083042387226,0.0035743955774659945,0.0050730167555959665,0.0009546942818445748,0.06617781945750911,0.01704428555982224,0.00749759695242009,0.0036614863979579355,0.10252621377205463
2019-01,0.392,0.3891,1.8059,5.5293,0.0158,0.7166,0.2394,0.0618,19.7618,0.2043,3.1822,0.3911,0.4731,0.0004,0.104,0.0614,3.3933,0.4993,1.3958,2.8271,0.0324599859149603,0.0392767322620273,0.0,0.0017624734591330153,0.002086618467580973,0.019865494879753684,0.20504780970039577,0.29265681872308585,0.016132908251137747,0.025413103730345228,0.15562469436296153,0.0022852688532695445,0.0036667957235564912,0.005119881268634825,0.0010266721385035719,0.06636788280943245,0.017147561160627132,0.007552794075580563,0.0037210510891520516,0.10278545312986201
2019-02,0.4334,0.3978,1.8026,5.6119,0.0191,0.7313,0.249,0.062,19.9598,0.219,3.215,0.3933,0.5892,0.0004,0.1176,0.0617,3.314,0.4758,1.4399,2.9296,0.0324599859149603,0.0392767322620273,0.0,0.0017624734591330153,0.002086618467580973,0.019865494879753684,0.20504780970039577,0.29265681872308585,0.016132908251137747,0.025413103730345228,0.15562469436296153,0.0022852688532695445,0.0036667957235564912,0.005119881268634825,0.0010266721385035719,0.06636788280943245,0.017147561160627132,0.007552794075580563,0.0037210510891520516,0.10278545312986201
2019-03,0.4291,0.3933,1.8042,5.5116,0.0191,0.7242,0.2402,0.0612,19.8809,0.208,2.8696,0.3887,0.6354,0.0004,0.1176,0.0607,2.8474,0.4758,1.326,2.4177,0.0324599859149603,0.0392767322620273,0.0,0.0017624734591330153,0.002086618467580973,0.019865494879753684,0.20504780970039577,0.29265681872308585,0.016132908251137747,0.025413103730345228,0.15562469436296153,0.0022852688532695445,0.0036667957235564912,0.005119881268634825,0.0010266721385035719,0.06636788280943245,0.017147561160627132,0.007552794075580563,0.0037210510891520516,0.10278545312986201
2019-04,0.4291,0.3933,1.8042,5.5116,0.0191,0.7242,0.2402,0.0612,19.8809,0.208,2.8696,0.3887,0.6354,0.0004,0.1176,0.0607,2.8474,0.4758,1.326,2.4177,0.0324599859149603,0.0392767322620273,0.0,0.0017624734591330153,0.002086618467580973,0.019865494879753684,0.20504780970039577,0.29265681872308585,0.016132908251137747,0.025413103730345228,0.15562469436296153,0.0022852688532695445,0.0036667957235564912,0.005119881268634825,0.0010266721385035719,0.06636788280943245,0.017147561160627132,0.007552794075580563,0.0037210510891520516,0.10278545312986201
2019-05,0.4291,0.3933,1.8042,5.5116,0.0191,0.7242,0.2402,0.0612,19.8809,0.208,2.8696,0.3887,0.6354,0.0004,0.1176,0.0607,2.8474,0.4758,1.326,2.4177,0.0324599859149603,0.0392767322620273,0.0,0.0017624734591330153,0.002086618467580973,0.019865494879753684,0.20504780970039577,0.29265681872308585,0.016132908251137747,0.025413103730345228,0.15562469436296153,0.0022852688532695445,0.0036667957235564912,0.005119881268634825,0.0010266721385035719,0.06636788280943245,0.017147561160627132,0.007552794075580563,0.0037210510891520516,0.10278545312986201
2019-06,0.4291,0.3933,1.8042,5.5116,0.0191,0.7242,0.2402,0.0612,19.8809,0.208,2.8696,0.3887,0.6354,0.0004,0.1176,0.0607,2.8474,0.4758,1.326,2.4177,0.0324599859149603,0.0392767322620273,0.0,0.0017624734591330153,0.002086618467580973,0.019865494879753684,0.20504780970039577,0.29265681872308585,0.016132908251137747,0.025413103730345228,0.15562469436296153,0.0022852688532695445,0.0036667957235564912,0.005119881268634825,0.0010266721385035719,0.06636788280943245,0.017147561160627132,0.007552794075580563,0.0037210510891520516,0.10278545312986201
2019-07,0.4291,0.3933,1.8042,5.5116,0.0191,0.7242,0.2402,0.0612,19.8809,0.208,2.8696,0.3887,0.6354,0.0004,0.1176,0.0607,2.8474,0.4758,1.326,2.4177,0.0324599859149603,0.0392767322620273,0.0,0.0017624734591330153,0.002086618467580973,0.019865494879753684,0.20504780970039577,0.29265681872308585,0.016132908251137747,0.025413103730345228,0.15562469436296153,0.0022852688532695445,0.0036667957235564912,0.005119881268634825,0.0010266721385035719,0.06636788280943245,0.017147561160627132,0.007552794075580563,0.0037210510891520516,0.10278545312986201
2019-08,0.3174,0.3361,1.0507,3.8983,0.0065,0.2295,0.193,0.0445,17.1908,0.2602,2.6762,0.3919,0.4782,0.0003,0.0797,0.0641,3.053,0.4508,1.6868,2.0129,0.0324599859149603,0.0392767322620273,0.0,0.0017624734591330153,0.002086618467580973,0.019865494879753684,0.20504780970039577,0.29265681872308585,0.016132908251137747,0.025413103730345228,0.15562469436296153,0.0022852688532695445,0.0036667957235564912,0.005119881268634825,0.0010266721385035719,0.06636788280943245,0.017147561160627132,0.007552794075580563,0.0037210510891520516,0.10278545312986201
2019-09,0.3111,0.3304,1.0916,3.6055,0.0059,0.2398,0.1962,0.0417,16.6825,0.3066,2.6409,0.3755,0.4623,0.0003,0.0914,0.0651,2.7886,0.4145,1.4645,2.0566,0.0324599859149603,0.0392767322620273,0.0,0.0017624734591330153,0.002086618467580973,0.019865494879753684,0.20504780970039577,0.29265681872308585,0.016132908251137747,0.025413103730345228,0.15562469436296153,0.0022852688532695445,0.0036667957235564912,0.005119881268634825,0.0010266721385035719,0.06636788280943245,0.017147561160627132,0.007552794075580563,0.0037210510891520516,0.10278545312986201
2019-10,0.2938,0.332,0.935,3.3319,0.0074,0.2471,0.198,0.042,15.6839,0.1269,2.5336,0.3322,0.3348,0.0003,0.0912,0.0597,2.821,0.4225,1.361,1.9961,0.0324599859149603,0.0392767322620273,0.0,0.0017624734591330153,0.002086618467580973,0.019865494879753684,0.20504780970039577,0.29265681872308585,0.016132908251137747,0.025413103730345228,0.15562469436296153,0.0022852688532695445,0.0036667957235564912,0.005119881268634825,0.0010266721385035719,0.06636788280943245,0.017147561160627132,0.007552794075580563,0.0037210510891520516,0.10278545312986201
2019-11,0.2939,0.3321,0.8187,3.2299,0.0068,0.2502,0.1876,0.041,15.1753,0.0991,2.432,0.3247,0.3835,0.0003,0.0891,0.0598,2.8459,0.4205,1.2918,1.8609,0.0324599859149603,0.0392767322620273,0.0,0.0017624734591330153,0.002086618467580973,0.019865494879753684,0.20504780970039577,0.29265681872308585,0.016132908251137747,0.025413103730345228,0.15562469436296153,0.0022852688532695445,0.0036667957235564912,0.005119881268634825,0.0010266721385035719,0.06636788280943245,0.017147561160627132,0.007552794075580563,0.0037210510891520516,0.10278545312986201
2019-12,0.3043,0.3243,0.8537,3.0199,0.0076,0.2417,0.1904,0.0403,15.3723,0.0982,2.4782,0.3052,0.3752,0.0003,0.0869,0.0514,2.9965,0.4085,1.489,1.8032,0.0324599859149603,0.0392767322620273,0.0,0.0017624734591330153,0.002086618467580973,0.019865494879753684,0.20504780970039577,0.29265681872308585,0.016132908251137747,0.025413103730345228,0.15562469436296153,0.0022852688532695445,0.0036667957235564912,0.005119881268634825,0.0010266721385035719,0.06636788280943245,0.017147561160627132,0.007552794075580563,0.0037210510891520516,0.10278545312986201
2020-01,0.2934,0.3212,0.8845,3.015,0.0083,0.2378,0.1888,0.0376,15.0624,0.1942,2.5355,0.2994,0.3305,0.0003,0.0817,0.0496,2.9133,0.4974,1.5651,2.9465,0.032569071942221015,0.03932251116440307,0.0,0.0018100179359196885,0.0021623372674584233,0.01980014331567966,0.20333706414734018,0.29295906573055613,0.01577222242151218,0.02747323357755214,0.15356404363577583,0.00233107433896389,0.0037748373648220186,0.005141990033464994,0.0010931922650085696,0.06689167768840228,0.017322683584070426,0.007626267424528996,0.0037930119025913313,0.10325555425972927
2020-02,0.282,0.3133,0.8722,3.1477,0.0078,0.2236,0.1984,0.037,15.9928,0.2018,2.565,0.2819,0.3134,0.0003,0.0752,0.0516,2.6058,0.4751,1.5189,1.6753,0.032569071942221015,0.03932251116440307,0.0,0.0018100179359196885,0.0021623372674584233,0.01980014331567966,0.20333706414734018,0.29295906573055613,0.01577222242151218,0.02747323357755214,0.15356404363577583,0.00233107433896389,0.0037748373648220186,0.005141990033464994,0.0010931922650085696,0.06689167768840228,0.017322683584070426,0.007626267424528996,0.0037930119025913313,0.10325555425972927
2020-03,0.276,0.3219,0.7264,1.9496,0.0061,0.2312,0.2084,0.0402,16.5756,0.09,2.2515,0.3175,0.3034,0.0004,0.1018,0.0524,2.6008,0.3767,1.3991,1.7784,0.032569071942221015,0.03932251116440307,0.0,0.0018100179359196885,0.0021623372674584233,0.01980014331567966,0.20333706414734018,0.29295906573055613,0.01577222242151218,0.02747323357755214,0.15356404363577583,0.00233107433896389,0.0037748373648220186,0.005141990033464994,0.0010931922650085696,0.06689167768840228,0.017322683584070426,0.007626267424528996,0.0037930119025913313,0.10325555425972927
2020-04,0.2729,0.2914,1.1377,1.4471,0.0069,0.1953,0.1901,0.0369,15.7436,0.0797,2.1314,0.274,0.2407,0.0003,0.0825,0.0478,2.1587,0.322,1.2038,1.6155,0.032569071942221015,0.03932251116440307,0.0,0.0018100179359196885,0.0021623372674584233,0.01980014331567966,0.20333706414734018,0.29295906573055613,0.01577222242151218,0.02747323357755214,0.15356404363577583,0.00233107433896389,0.0037748373648220186,0.005141990033464994,0.0010931922650085696,0.06689167768840228,0.017322683584070426,0.007626267424528996,0.0037930119025913313,0.10325555425972927
2020-05,0.2808,0.2782,1.3695,1.3958,0.0074,0.1807,0.1915,0.0349,15.6125,0.0828,2.0224,0.2838,0.2567,0.0003,0.0744,0.0445,2.1578,0.2798,1.2727,1.6173,0.032569071942221015,0.03932251116440307,0.0,0.0018100179359196885,0.0021623372674584233,0.01980014331567966,0.20333706414734018,0.29295906573055613,0.01577222242151218,0.02747323357755214,0.15356404363577583,0.00233107433896389,0.0037748373648220186,0.005141990033464994,0.0010931922650085696,0.06689167768840228,0.017322683584070426,0.007626267424528996,0.0037930119025913313,0.10325555425972927
2020-06,0.2998,0.2565,1.4328,1.3739,0.0065,0.1678,0.1774,0.0325,15.3437,0.0882,1.7993,0.2816,0.2515,0.0003,0.0728,0.0453,2.2532,0.262,1.3236,1.6046,0.032569071942221015,0.03932251116440307,0.0,0.0018100179359196885,0.0021623372674584233,0.01980014331567966,0.20333706414734018,0.29295906573055613,0.01577222242151218,0.02747323357755214,0.15356404363577583,0.00233107433896389,0.0037748373648220186,0.005141990033464994,0.0010931922650085696,0.06689167768840228,0.017322683584070426,0.007626267424528996,0.0037930119025913313,0.10325555425972927
2020-07,0.3082,0.2553,1.2007,1.3071,0.007,0.1712,0.1666,0.0312,13.1695,0.0839,1.8484,0.3488,0.2287,0.0003,0.0678,0.0404,2.092,0.233,1.2813,1.5425,0.032569071942221015,0.03932251116440307,0.0,0.0018100179359196885,0.0021623372674584233,0.01980014331567966,0.20333706414734018,0.29295906573055613,0.01577222242151218,0.02747323357755214,0.15356404363577583,0.00233107433896389,0.0037748373648220186,0.005141990033464994,0.0010931922650085696,0.06689167768840228,0.017322683584070426,0.007626267424528996,0.0037930119025913313,0.10325555425972927
2020-08,0.3524,0.2565,1.1259,1.2446,0.0072,0.1616,0.204,0.0342,12.4365,0.0812,1.8313,0.3517,0.2225,0.0003,0.0652,0.0396,1.9436,0.2124,0.1291,1.9238,0.032569071942221015,0.03932251116440307,0.0,0.0018100179359196885,0.0021623372674584233,0.01980014331567966,0.20333706414734018,0.29295906573055613,0.01577222242151218,0.02747323357755214,0.15356404363577583,0.00233107433896389,0.0037748373648220186,0.005141990033464994,0.0010931922650085696,0.06689167768840228,0.017322683584070426,0.007626267424528996,0.0037930119025913313,0.10325555425972927
2020-09,0.3769,0.2732,1.3807,1.3784,0.0079,0.1428,0.2147,0.0387,15.9101,0.1767,1.8584,0.4494,0.2073,0.0003,0.034,0.0462,1.8756,0.3729,1.874,1.9377,0.032569071942221015,0.03932251116440307,0.0,0.0018100179359196885,0.0021623372674584233,0.01980014331567966,0.20333706414734018,0.29295906573055613,0.01577222242151218,0.02747323357755214,0.15356404363577583,0.00233107433896389,0.0037748373648220186,0.005141990033464994,0.0010931922650085696,0.06689167768840228,0.017322683584070426,0.007626267424528996,0.0037930119025913313,0.10325555425972927
2020-10,0.5394,0.3654,1.8041,2.4664,0.0456,0.1897,0.2937,0.0658,21.6438,0.1836,3.2943,0.6013,0.4462,0.0009,0.0524,0.0669,2.5812,0.6312,1.8796,2.8675,0.032569071942221015,0.03932251116440307,0.0,0.0018100179359196885,0.0021623372674584233,0.01980014331567966,0.20333706414734018,0.29295906573055613,0.01577222242151218,0.02747323357755214,0.15356404363577583,0.00233107433896389,0.0037748373648220186,0.005141990033464994,0.0010931922650085696,0.06689167768840228,0.017322683584070426,0.007626267424528996,0.0037930119025913313,0.10325555425972927
2020-11,0.5201,0.3447,1.755,2.4738,0.0472,0.1841,0.2664,0.0638,20.2271,0.1858,3.4178,0.5924,0.4259,0.0009,0.0522,0.07,2.583,0.6906,1.8165,2.4753,0.032569071942221015,0.03932251116440307,0.0,0.0018100179359196885,0.0021623372674584233,0.01980014331567966,0.20333706414734018,0.29295906573055613,0.01577222242151218,0.02747323357755214,0.15356404363577583,0.00233107433896389,0.0037748373648220186,0.005141990033464994,0.0010931922650085696,0.06689167768840228,0.017322683584070426,0.007626267424528996,0.0037930119025913313,0.10325555425972927
2020-12,0.5325,0.3623,1.7107,2.4494,0.0536,0.2172,0.2599,0.061,19.8687,0.1989,2.9365,0.5208,0.4652,0.0009,0.0703,0.0631,2.5852,0.5993,1.5686,2.4859,0.032569071942221015,0.03932251116440307,0.0,0.0018100179359196885,0.0021623372674584233,0.01980014331567966,0.20333706414734018,0.29295906573055613,0.01577222242151218,0.02747323357755214,0.15356404363577583,0.00233107433896389,0.0037748373648220186,0.005141990033464994,0.0010931922650085696,0.06689167768840228,0.017322683584070426,0.007626267424528996,0.0037930119025913313,0.10325555425972927
2021-01,0.4491,0.3678,2.1239,3.1329,0.152,0.2187,0.2448,0.0605,17.711,0.2373,2.9671,0.5465,0.5894,0.0012,0.0913,0.0662,2.6174,0.804,1.6741,3.6224,0.03269641360955096,0.03951187411062708,0.0,0.0018571290619275162,0.0022456620332403847,0.01992881524951047,0.2020157003348282,0.29444794001265634,0.015376344554857153,0.028921599478363678,0.15114982673182237,0.002387845314942744,0.003935384829344365,0.005237147903774594,0.0011472549254868407,0.06782653250517408,0.01741306578023975,0.007742796019556013,0.0038737170651362554,0.10228495047896138
2021-02,0.4414,0.3832,1.9796,3.2147,0.1049,0.2034,0.2247,0.0502,18.0615,0.2669,2.8596,0.5231,0.5783,0.0012,0.1028,0.069,2.5561,0.771,1.6094,3.4188,0.03269641360955096,0.03951187411062708,0.0,0.0018571290619275162,0.0022456620332403847,0.01992881524951047,0.2020157003348282,0.29444794001265634,0.015376344554857153,0.028921599478363678,0.15114982673182237,0.002387845314942744,0.003935384829344365,0.005237147903774594,0.0011472549254868407,0.06782653250517408,0.01741306578023975,0.007742796019556013,0.0038737170651362554,0.10228495047896138
2021-03,0.421,0.3556,1.5668,2.0922,0.1059,0.2337,0.2049,0.0518,16.1603,0.1439,2.4671,0.4308,0.6253,0.0012,0.0866,0.0591,2.2632,0.5322,1.1193,2.7752,0.03269641360955096,0.03951187411062708,0.0,0.0018571290619275162,0.0022456620332403847,0.01992881524951047,0.2020157003348282,0.29444794001265634,0.015376344554857153,0.028921599478363678,0.15114982673182237,0.002387845314942744,0.003935384829344365,0.005237147903774594,0.0011472549254868407,0.06782653250517408,0.01741306578023975,0.007742796019556013,0.0038737170651362554,0.10228495047896138
2021-04,0.4037,0.3231,1.7229,2.0509,0.0513,0.2259,0.1681,0.042,16.5106,0.1432,2.1568,0.5175,0.6908,0.001,0.0755,0.0468,2.1765,0.3849,0.8475,2.1349,0.03269641360955096,0.03951187411062708,0.0,0.0018571290619275162,0.0022456620332403847,0.01992881524951047,0.2020157003348282,0.29444794001265634,0.015376344554857153,0.028921599478363678,0.15114982673182237,0.002387845314942744,0.003935384829344365,0.005237147903774594,0.0011472549254868407,0.06782653250517408,0.01741306578023975,0.007742796019556013,0.0038737170651362554,0.10228495047896138
2021-05,0.3803,0.2868,1.6722,2.0537,0.0481,0.2298,0.1524,0.0411,15.9471,0.1536,2.0428,0.5104,0.5786,0.001,0.0782,0.0429,2.1189,0.3474,0.8431,1.9765,0.03269641360955096,0.03951187411062708,0.0,0.0018571290619275162,0.0022456620332403847,0.01992881524951047,0.2020157003348282,0.29444794001265634,0.015376344554857153,0.028921599478363678,0.15114982673182237,0.002387845314942744,0.003935384829344365,0.005237147903774594,0.0011472549254868407,0.06782653250517408,0.01741306578023975,0.007742796019556013,0.0038737170651362554,0.10228495047896138
2021-06,0.3607,0.2779,1.5564,2.0108,0.0477,0.2305,0.1477,0.0388,13.9702,0.1859,2.0016,0.5199,0.562,0.001,0.0695,0.0387,1.9397,0.3391,0.796,1.9032,0.03269641360955096,0.03951187411062708,0.0,0.0018571290619275162,0.0022456620332403847,0.01992881524951047,0.2020157003348282,0.29444794001265634,0.015376344554857153,0.028921599478363678,0.15114982673182237,0.002387845314942744,0.003935384829344365,0.005237147903774594,0.0011472549254868407,0.06782653250517408,0.01741306578023975,0.007742796019556013,0.0038737170651362554,0.10228495047896138
2021-07,0.3526,0.2958,1.171,2.0267,0.0294,0.2301,0.1568,0.0414,12.8103,0.1703,2.101,0.4995,0.5747,0.001,0.0668,0.0383,2.2387,0.2954,0.7457,1.8448,0.03269641360955096,0.03951187411062708,0.0,0.0018571290619275162,0.0022456620332403847,0.01992881524951047,0.2020157003348282,0.29444794001265634,0.015376344554857153,0.028921599478363678,0.15114982673182237,0.002387845314942744,0.003935384829344365,0.005237147903774594,0.0011472549254868407,0.06782653250517408,0.01741306578023975,0.007742796019556013,0.0038737170651362554,0.10228495047896138
2021-08,0.3171,0.2862,1.1864,1.8925,0.0292,0.2323,0.1496,0.0392,12.6702,0.1681,2.0362,0.4786,0.5798,0.001,0.0653,0.0365,2.1751,0.2908,0.7458,1.8448,0.03269641360955096,0.03951187411062708,0.0,0.0018571290619275162,0.0022456620332403847,0.01992881524951047,0.2020157003348282,0.29444794001265634,0.015376344554857153,0.028921599478363678,0.15114982673182237,0.002387845314942744,0.003935384829344365,0.005237147903774594,0.0011472549254868407,0.06782653250517408,0.01741306578023975,0.007742796019556013,0.0038737170651362554,0.10228495047896138
2021-09,0.3756,0.3058,1.2776,3.3418,0.0478,0.2613,0.1693,0.0433,13.8344,0.4054,2.0856,0.5227,0.699,0.0099,0.3991,0.0465,2.3474,0.2775,1.0275,1.9523,0.03269641360955096,0.03951187411062708,0.0,0.0018571290619275162,0.0022456620332403847,0.01992881524951047,0.2020157003348282,0.29444794001265634,0.015376344554857153,0.028921599478363678,0.15114982673182237,0.002387845314942744,0.003935384829344365,0.005237147903774594,0.0011472549254868407,0.06782653250517408,0.01741306578023975,0.007742796019556013,0.0038737170651362554,0.10228495047896138
2021-10,0.2872,0.267,1.2862,1.4348,0.0236,0.2874,0.1322,0.0399,11.3831,0.1376,1.8966,0.4474,0.5128,0.0013,0.0796,0.038,2.3418,0.2316,0.6678,1.8786,0.03269641360955096,0.03951187411062708,0.0,0.0018571290619275162,0.0022456620332403847,0.01992881524951047,0.2020157003348282,0.29444794001265634,0.015376344554857153,0.028921599478363678,0.15114982673182237,0.002387845314942744,0.003935384829344365,0.005237147903774594,0.0011472549254868407,0.06782653250517408,0.01741306578023975,0.007742796019556013,0.0038737170651362554,0.10228495047896138
2021-11,0.3192,0.3006,1.1157,1.4798,0.0283,0.3003,0.1321,0.0399,11.5687,0.1386,1.8824,0.4412,0.5125,0.0016,0.084,0.0383,2.3538,0.2367,0.6852,1.9263,0.03269641360955096,0.03951187411062708,0.0,0.0018571290619275162,0.0022456620332403847,0.01992881524951047,0.2020157003348282,0.29444794001265634,0.015376344554857153,0.028921599478363678,0.15114982673182237,0.002387845314942744,0.003935384829344365,0.005237147903774594,0.0011472549254868407,0.06782653250517408,0.01741306578023975,0.007742796019556013,0.0038737170651362554,0.10228495047896138
2021-12,0.3161,0.3198,0.9885,1.7091,0.0304,0.2848,0.1318,0.0398,11.1439,0.1338,1.8475,0.3582,0.5425,0.0017,0.0826,0.0386,2.5291,0.2507,0.6122,1.918,0.03269641360955096,0.03951187411062708,0.0,0.0018571290619275162,0.0022456620332403847,0.01992881524951047,0.2020157003348282,0.29444794001265634,0.015376344554857153,0.028921599478363678,0.15114982673182237,0.002387845314942744,0.003935384829344365,0.005237147903774594,0.0011472549254868407,0.06782653250517408,0.01741306578023975,0.007742796019556013,0.0038737170651362554,0.10228495047896138
2022-01,0.3269,0.3727,1.0184,2.0326,0.0308,0.2332,0.1475,0.0407,9.7597,0.1004,1.922,0.3813,0.5343,0.0017,0.0897,0.0428,2.5315,0.2596,0.585,1.8243,0.032636296763921754,0.0397173843058075,0.0,0.0019177762498352282,0.002339368055370459,0.019929763742349938,0.20103396076285976,0.29444272262679383,0.015117521449153256,0.031026125917968987,0.14924904608680192,0.0024525608327172262,0.004126939262150429,0.005374964140212376,0.0012133418073272176,0.06882434935281163,0.017434794666132094,0.007869342219606603,0.003968214400949621,0.10132552735723031
2022-02,0.2906,0.3691,0.9156,1.8532,0.0217,0.2139,0.1447,0.0373,11.0291,0.1081,1.8488,0.3472,0.3575,0.0018,0.0995,0.0423,2.5308,0.2489,0.6544,1.8052,0.032636296763921754,0.0397173843058075,0.0,0.0019177762498352282,0.002339368055370459,0.019929763742349938,0.20103396076285976,0.29444272262679383,0.015117521449153256,0.031026125917968987,0.14924904608680192,0.0024525608327172262,0.004126939262150429,0.005374964140212376,0.0012133418073272176,0.06882434935281163,0.017434794666132094,0.007869342219606603,0.003968214400949621,0.10132552735723031
2022-03,0.3786,0.5945,0.8498,2.6281,0.0246,0.3488,0.1761,0.0443,14.1809,0.1528,2.2002,0.3527,0.4064,0.0042,0.1213,0.0599,2.4835,0.2242,1.6587,2.4551,0.032636296763921754,0.0397173843058075,0.0,0.0019177762498352282,0.002339368055370459,0.019929763742349938,0.20103396076285976,0.29444272262679383,0.015117521449153256,0.031026125917968987,0.14924904608680192,0.0024525608327172262,0.004126939262150429,0.005374964140212376,0.0012133418073272176,0.06882434935281163,0.017434794666132094,0.007869342219606603,0.003968214400949621,0.10132552735723031
2022-04,0.3711,0.6208,0.793,2.2022,,0.3555,0.1742,0.0433,13.6174,0.1625,2.1434,0.3523,0.3116,0.0042,0.0912,0.0665,2.2688,0.2182,1.5202,2.3659,0.032636296763921754,0.0397173843058075,0.0,0.0019177762498352282,0.002339368055370459,0.019929763742349938,0.20103396076285976,0.29444272262679383,0.015117521449153256,0.031026125917968987,0.14924904608680192,0.0024525608327172262,0.004126939262150429,0.005374964140212376,0.0012133418073272176,0.06882434935281163,0.017434794666132094,0.007869342219606603,0.003968214400949621,0.10132552735723031
2022-05,0.3903,0.5696,0.7497,2.2774,0.0198,0.3489,0.1665,0.0398,14.9684,0.1486,2.118,0.396,0.2925,0.0038,0.1138,0.0577,2.0111,0.2312,1.5955,2.1989,0.032636296763921754,0.0397173843058075,0.0,0.0019177762498352282,0.002339368055370459,0.019929763742349938,0.20103396076285976,0.29444272262679383,0.015117521449153256,0.031026125917968987,0.14924904608680192,0.0024525608327172262,0.004126939262150429,0.005374964140212376,0.0012133418073272176,0.06882434935281163,0.017434794666132094,0.007869342219606603,0.003968214400949621,0.10132552735723031
2022-06,0.3379,0.6114,0.674,2.0348,0.0181,0.335,0.169,0.0406,15.2731,0.2389,2.1402,0.41,0.3204,0.0036,0.1127,0.0571,2.0419,0.2645,1.3126,2.1365,0.032636296763921754,0.0397173843058075,0.0,0.0019177762498352282,0.002339368055370459,0.019929763742349938,0.20103396076285976,0.29444272262679383,0.015117521449153256,0.031026125917968987,0.14924904608680192,0.0024525608327172262,0.004126939262150429,0.005374964140212376,0.0012133418073272176,0.06882434935281163,0.017434794666132094,0.007869342219606603,0.003968214400949621,0.10132552735723031
2022-07,0.3386,0.6534,0.587,1.6105,0.0247,0.4011,0.173,0.0439,15.5408,0.2418,2.339,0.4758,0.3874,0.0035,0.1319,0.0632,2.2911,0.3106,1.3252,2.4461,0.032636296763921754,0.0397173843058075,0.0,0.0019177762498352282,0.002339368055370459,0.019929763742349938,0.20103396076285976,0.29444272262679383,0.015117521449153256,0.031026125917968987,0.14924904608680192,0.0024525608327172262,0.004126939262150429,0.005374964140212376,0.0012133418073272176,0.06882434935281163,0.017434794666132094,0.007869342219606603,0.003968214400949621,0.10132552735723031
2022-08,0.2314,0.3804,0.5983,0.7732,0.0245,0.2687,0.1445,0.0361,15.9269,0.0846,2.0986,0.4749,0.372,0.001,0.0869,0.0432,2.5279,0.2835,0.4669,1.8829,0.032636296763921754,0.0397173843058075,0.0,0.0019177762498352282,0.002339368055370459,0.019929763742349938,0.20103396076285976,0.29444272262679383,0.015117521449153256,0.031026125917968987,0.14924904608680192,0.0024525608327172262,0.004126939262150429,0.005374964140212376,0.0012133418073272176,0.06882434935281163,0.017434794666132094,0.007869342219606603,0.003968214400949621,0.10132552735723031
2022-09,0.2674,0.4011,0.5361,0.7872,0.0327,0.3089,0.1593,0.0397,15.7185,0.084,2.2889,0.4495,0.3834,0.0011,0.1042,0.0459,2.4906,0.3287,0.4523,1.9547,0.032636296763921754,0.0397173843058075,0.0,0.0019177762498352282,0.002339368055370459,0.019929763742349938,0.20103396076285976,0.29444272262679383,0.015117521449153256,0.031026125917968987,0.14924904608680192,0.0024525608327172262,0.004126939262150429,0.005374964140212376,0.0012133418073272176,0.06882434935281163,0.017434794666132094,0.007869342219606603,0.003968214400949621,0.10132552735723031
2022-10,0.2743,0.4155,0.5417,0.5979,0.0316,0.3362,0.1768,0.0417,15.845,0.0796,2.4409,0.4386,0.4551,0.0006,0.0978,0.0395,2.4695,0.3414,0.483,2.0214,0.032636296763921754,0.0397173843058075,0.0,0.0019177762498352282,0.002339368055370459,0.019929763742349938,0.20103396076285976,0.29444272262679383,0.015117521449153256,0.031026125917968987,0.14924904608680192,0.0024525608327172262,0.004126939262150429,0.005374964140212376,0.0012133418073272176,0.06882434935281163,0.017434794666132094,0.007869342219606603,0.003968214400949621,0.10132552735723031
2022-11,0.3133,0.4716,0.6038,1.062,0.0267,0.3281,0.2116,0.0462,11.7398,0.0711,2.4443,0.5282,0.3856,0.0006,0.1061,0.0437,2.514,0.3317,0.4857,1.9593,0.032636296763921754,0.0397173843058075,0.0,0.0019177762498352282,0.002339368055370459,0.019929763742349938,0.20103396076285976,0.29444272262679383,0.015117521449153256,0.031026125917968987,0.14924904608680192,0.0024525608327172262,0.004126939262150429,0.005374964140212376,0.0012133418073272176,0.06882434935281163,0.017434794666132094,0.007869342219606603,0.003968214400949621,0.10132552735723031
2022-12,0.3122,0.4071,0.5052,1.0723,0.028,0.3072,0.1974,0.0415,9.4962,0.0396,2.291,0.4471,0.3634,0.0006,0.1093,0.0399,2.3542,0.2883,0.4496,1.8218,0.032636296763921754,0.0397173843058075,0.0,0.0019177762498352282,0.002339368055370459,0.019929763742349938,0.20103396076285976,0.29444272262679383,0.015117521449153256,0.031026125917968987,0.14924904608680192,0.0024525608327172262,0.004126939262150429,0.005374964140212376,0.0012133418073272176,0.06882434935281163,0.017434794666132094,0.007869342219606603,0.003968214400949621,0.10132552735723031
2023-01,0.3299,0.1943,0.0055,2.9025,0.0373,0.2512,0.1903,0.0447,11.2304,0.2096,2.0511,0.4909,0.3774,0.0066,0.4614,0.0269,1.8191,0.24,0.2405,1.7402,0.032538711601483854,0.03995542637597522,0.004614254539016286,0.0019818893937344276,0.002434854129905719,0.019743166837192693,0.19825350779611783,0.2924003362438385,0.014960627160014122,0.03312504717793491,0.14693583282106573,0.0025101449023355537,0.00435659493918343,0.005444052904057529,0.0012539331510054452,0.06979422283673684,0.017468800507458835,0.007936704296808345,0.004028581534290841,0.10026331085184373
2023-02,0.2372,0.3701,0.4378,0.9183,0.0243,0.2287,0.1893,0.0397,7.692,0.0365,2.1767,0.3942,0.3722,0.0006,0.1106,0.0446,2.0196,0.2796,0.5386,1.878,0.032538711601483854,0.03995542637597522,0.004614254539016286,0.0019818893937344276,0.002434854129905719,0.019743166837192693,0.19825350779611783,0.2924003362438385,0.014960627160014122,0.03312504717793491,0.14693583282106573,0.0025101449023355537,0.00435659493918343,0.005444052904057529,0.0012539331510054452,0.06979422283673684,0.017468800507458835,0.007936704296808345,0.004028581534290841,0.10026331085184373
2023-03,0.3457,0.1862,0.0414,2.8848,0.0435,0.2742,0.2251,0.0449,9.9116,0.2132,1.9545,0.3942,0.3872,0.0064,0.4335,0.0288,1.7939,0.2327,0.3178,1.7562,0.032538711601483854,0.03995542637597522,0.004614254539016286,0.0019818893937344276,0.002434854129905719,0.019743166837192693,0.19825350779611783,0.2924003362438385,0.014960627160014122,0.03312504717793491,0.14693583282106573,0.0025101449023355537,0.00435659493918343,0.005444052904057529,0.0012539331510054452,0.06979422283673684,0.017468800507458835,0.007936704296808345,0.004028581534290841,0.10026331085184373
2023-04,0.2757,0.4067,3.7497,1.0221,0.0255,0.3258,0.2155,0.0409,7.5359,0.0425,2.3374,0.3472,0.3228,0.0007,0.1124,0.0474,2.1999,0.2879,0.6701,1.9553,0.032538711601483854,0.03995542637597522,0.004614254539016286,0.0019818893937344276,0.002434854129905719,0.019743166837192693,0.19825350779611783,0.2924003362438385,0.014960627160014122,0.03312504717793491,0.14693583282106573,0.0025101449023355537,0.00435659493918343,0.005444052904057529,0.0012539331510054452,0.06979422283673684,0.017468800507458835,0.007936704296808345,0.004028581534290841,0.10026331085184373
2023-05,0.2797,0.4086,3.6714,0.9844,0.0232,0.3052,0.2028,0.0367,7.0521,0.0404,2.2947,0.3355,0.3338,0.0007,0.1086,0.0454,2.2544,0.2862,0.5843,1.8446,0.032538711601483854,0.03995542637597522,0.004614254539016286,0.0019818893937344276,0.002434854129905719,0.019743166837192693,0.19825350779611783,0.2924003362438385,0.014960627160014122,0.03312504717793491,0.14693583282106573,0.0025101449023355537,0.00435659493918343,0.005444052904057529,0.0012539331510054452,0.06979422283673684,0.017468800507458835,0.007936704296808345,0.004028581534290841,0.10026331085184373
2023-06,0.3002,0.3987,4.0275,0.9296,0.0267,0.2724,0.1858,0.0367,8.6475,0.0413,2.2665,0.3447,0.3416,0.0006,0.1085,0.0434,2.4529,0.3073,0.6599,1.9443,0.032538711601483854,0.03995542637597522,0.004614254539016286,0.0019818893937344276,0.002434854129905719,0.019743166837192693,0.19825350779611783,0.2924003362438385,0.014960627160014122,0.03312504717793491,0.14693583282106573,0.0025101449023355537,0.00435659493918343,0.005444052904057529,0.0012539331510054452,0.06979422283673684,0.017468800507458835,0.007936704296808345,0.004028581534290841,0.10026331085184373
2023-07,0.324,0.4374,3.9201,0.9634,0.0336,0.2994,0.1893,0.039,10.6375,0.0482,2.3861,0.4139,0.3534,0.0008,0.1177,0.0461,2.7613,0.3112,0.7076,2.0998,0.032538711601483854,0.03995542637597522,0.004614254539016286,0.0019818893937344276,0.002434854129905719,0.019743166837192693,0.19825350779611783,0.2924003362438385,0.014960627160014122,0.03312504717793491,0.14693583282106573,0.0025101449023355537,0.00435659493918343,0.005444052904057529,0.0012539331510054452,0.06979422283673684,0.017468800507458835,0.007936704296808345,0.004028581534290841,0.10026331085184373
2023-08,0.3037,0.4193,3.6486,1.0479,0.032,0.2936,0.1721,0.0382,10.6333,0.0431,2.383,0.3958,0.3458,0.0008,0.1119,0.044,2.8222,0.2887,0.8211,2.2345,0.032538711601483854,0.03995542637597522,0.004614254539016286,0.0019818893937344276,0.002434854129905719,0.019743166837192693,0.19825350779611783,0.2924003362438385,0.014960627160014122,0.03312504717793491,0.14693583282106573,0.0025101449023355537,0.00435659493918343,0.005444052904057529,0.0012539331510054452,0.06979422283673684,0.017468800507458835,0.007936704296808345,0.004028581534290841,0.10026331085184373
2023-09,0.295,0.4321,3.8058,1.3516,0.0318,0.2618,0.1715,0.0378,10.607,0.0448,2.3751,0.4273,0.3337,0.0008,0.128,0.0439,2.7528,0.2775,0.7474,2.2271,0.032538711601483854,0.03995542637597522,0.004614254539016286,0.0019818893937344276,0.002434854129905719,0.019743166837192693,0.19825350779611783,0.2924003362438385,0.014960627160014122,0.03312504717793491,0.14693583282106573,0.0025101449023355537,0.00435659493918343,0.005444052904057529,0.0012539331510054452,0.06979422283673684,0.017468800507458835,0.007936704296808345,0.004028581534290841,0.10026331085184373
2023-10,0.4224,0.344,0.0112,3.0884,,0.3336,0.2047,0.0466,13.2336,0.2161,2.6489,0.3876,0.3245,0.0101,0.4141,0.0359,2.7404,0.2674,0.3557,2.4724,0.032538711601483854,0.03995542637597522,0.004614254539016286,0.0019818893937344276,0.002434854129905719,0.019743166837192693,0.19825350779611783,0.2924003362438385,0.014960627160014122,0.03312504717793491,0.14693583282106573,0.0025101449023355537,0.00435659493918343,0.005444052904057529,0.0012539331510054452,0.06979422283673684,0.017468800507458835,0.007936704296808345,0.004028581534290841,0.10026331085184373
2023-11,0.3487,0.3094,0.0113,2.1524,0.054,0.2592,0.1879,0.0378,10.4887,0.1876,1.8245,0.3099,0.3142,0.0082,0.3654,0.0296,2.0039,0.2664,0.2759,2.1776,0.032538711601483854,0.03995542637597522,0.004614254539016286,0.0019818893937344276,0.002434854129905719,0.019743166837192693,0.19825350779611783,0.2924003362438385,0.014960627160014122,0.03312504717793491,0.14693583282106573,0.0025101449023355537,0.00435659493918343,0.005444052904057529,0.0012539331510054452,0.06979422283673684,0.017468800507458835,0.007936704296808345,0.004028581534290841,0.10026331085184373
2023-12,0.3381,0.3034,0.0112,1.9777,0.0546,0.2522,0.184,0.0362,9.4556,0.1822,1.721,0.2942,0.306,0.0077,0.3297,0.0276,1.7261,0.2597,0.2616,2.043,0.032538711601483854,0.03995542637597522,0.004614254539016286,0.0019818893937344276,0.002434854129905719,0.019743166837192693,0.19825350779611783,0.2924003362438385,0.014960627160014122,0.03312504717793491,0.14693583282106573,0.0025101449023355537,0.00435659493918343,0.005444052904057529,0.0012539331510054452,0.06979422283673684,0.017468800507458835,0.007936704296808345,0.004028581534290841,0.10026331085184373
2024-01,0.3127,0.2976,0.0015,2.168,0.0595,0.2579,0.1739,0.0357,8.1899,0.1966,1.6963,0.2755,0.274,0.0098,0.3704,0.0269,1.6252,0.2369,0.2434,1.8396,0.03247683817181623,0.040284050265498327,0.004794820000117649,0.0020406611753633406,0.0025076518521781398,0.019495110304304876,0.19668563763700447,0.29148283825281185,0.014981659655823711,0.034574795312056816,0.145842215867635,0.00257140152584512,0.00459219979126112,0.005522352150202074,0.0013040351628933855,0.0707396424265519,0.017661183963138885,0.008100809525130703,0.004134357015063343,0.10020773994530313
2024-02,0.3984,0.4053,0.0023,1.9215,0.0836,0.2899,0.1683,0.0379,7.9719,0.2249,1.5698,0.3702,0.3343,0.0113,0.4312,0.0242,1.991,0.2828,0.3445,1.4436,0.03247683817181623,0.040284050265498327,0.004794820000117649,0.0020406611753633406,0.0025076518521781398,0.019495110304304876,0.19668563763700447,0.29148283825281185,0.014981659655823711,0.034574795312056816,0.145842215867635,0.00257140152584512,0.00459219979126112,0.005522352150202074,0.0013040351628933855,0.0707396424265519,0.017661183963138885,0.008100809525130703,0.004134357015063343,0.10020773994530313
2024-03,0.2843,0.3794,0.2079,0.8003,0.0367,0.2182,0.1711,0.0303,6.2962,0.0376,1.9087,0.3346,0.3969,0.0102,0.0862,0.0372,1.8994,0.212,0.6195,1.4744,0.03247683817181623,0.040284050265498327,0.004794820000117649,0.0020406611753633406,0.0025076518521781398,0.019495110304304876,0.19668563763700447,0.29148283825281185,0.014981659655823711,0.034574795312056816,0.145842215867635,0.00257140152584512,0.00459219979126112,0.005522352150202074,0.0013040351628933855,0.0707396424265519,0.017661183963138885,0.008100809525130703,0.004134357015063343,0.10020773994530313
2024-04,0.3607,0.4829,0.5004,1.0937,0.0472,0.3867,0.251,0.0406,9.5417,0.052,2.3553,0.5548,0.691,0.0106,0.1157,0.0488,2.1955,0.3157,0.8329,2.0552,0.03247683817181623,0.040284050265498327,0.004794820000117649,0.0020406611753633406,0.0025076518521781398,0.019495110304304876,0.19668563763700447,0.29148283825281185,0.014981659655823711,0.034574795312056816,0.145842215867635,0.00257140152584512,0.00459219979126112,0.005522352150202074,0.0013040351628933855,0.0707396424265519,0.017661183963138885,0.008100809525130703,0.004134357015063343,0.10020773994530313
2024-05,0.354,0.478,0.4642,1.0509,0.0586,0.3725,0.2546,0.0431,10.0176,0.0506,2.649,0.5782,0.6277,0.0105,0.1239,0.05,2.2373,0.3151,0.8324,2.1319,0.03247683817181623,0.040284050265498327,0.004794820000117649,0.0020406611753633406,0.0025076518521781398,0.019495110304304876,0.19668563763700447,0.29148283825281185,0.014981659655823711,0.034574795312056816,0.145842215867635,0.00257140152584512,0.00459219979126112,0.005522352150202074,0.0013040351628933855,0.0707396424265519,0.017661183963138885,0.008100809525130703,0.004134357015063343,0.10020773994530313
2024-06,0.3684,0.464,0.4238,1.1202,0.0602,0.3744,0.2662,0.0449,10.4026,0.0589,2.7558,0.5977,0.629,0.0114,0.1372,0.0517,2.2776,0.3593,0.8261,2.2187,0.03247683817181623,0.040284050265498327,0.004794820000117649,0.0020406611753633406,0.0025076518521781398,0.019495110304304876,0.19668563763700447,0.29148283825281185,0.014981659655823711,0.034574795312056816,0.145842215867635,0.00257140152584512,0.00459219979126112,0.005522352150202074,0.0013040351628933855,0.0707396424265519,0.017661183963138885,0.008100809525130703,0.004134357015063343,0.10020773994530313
2024-07,0.3658,0.472,0.3296,0.8347,0.059,0.449,0.2565,0.045,10.0278,0.0636,2.5616,0.59,0.6325,0.0124,0.1586,0.0514,2.1633,0.4146,0.854,2.1594,0.03247683817181623,0.040284050265498327,0.004794820000117649,0.0020406611753633406,0.0025076518521781398,0.019495110304304876,0.19668563763700447,0.29148283825281185,0.014981659655823711,0.034574795312056816,0.145842215867635,0.00257140152584512,0.00459219979126112,0.005522352150202074,0.0013040351628933855,0.0707396424265519,0.017661183963138885,0.008100809525130703,0.004134357015063343,0.10020773994530313
2024-08,0.3733,0.4667,0.3234,0.8417,0.0586,0.4872,0.2514,0.0446,9.8502,0.0617,2.5353,0.5757,0.6218,0.0122,0.1656,0.0561,2.1491,0.4399,0.8969,2.1271,0.03247683817181623,0.040284050265498327,0.004794820000117649,0.0020406611753633406,0.0025076518521781398,0.019495110304304876,0.19668563763700447,0.29148283825281185,0.014981659655823711,0.034574795312056816,0.145842215867635,0.00257140152584512,0.00459219979126112,0.005522352150202074,0.0013040351628933855,0.0707396424265519,0.017661183963138885,0.008100809525130703,0.004134357015063343,0.10020773994530313
2024-09,0.3751,0.4426,0.3169,0.8101,0.0634,0.4586,0.2509,0.0468,9.4263,0.0521,2.5314,0.6004,0.6004,0.0111,0.1958,0.0549,2.0823,0.4195,0.8815,2.1231,0.03247683817181623,0.040284050265498327,0.004794820000117649,0.0020406611753633406,0.0025076518521781398,0.019495110304304876,0.19668563763700447,0.29148283825281185,0.014981659655823711,0.034574795312056816,0.145842215867635,0.00257140152584512,0.00459219979126112,0.005522352150202074,0.0013040351628933855,0.0707396424265519,0.017661183963138885,0.008100809525130703,0.004134357015063343,0.10020773994530313
2024-10,0.3626,0.3242,,1.6787,,0.4187,0.2137,0.0395,8.6283,0.1929,1.5089,0.5507,0.458,0.0078,0.536,0.0363,1.4526,0.4343,0.3543,1.3247,0.03247683817181623,0.040284050265498327,0.004794820000117649,0.0020406611753633406,0.0025076518521781398,0.019495110304304876,0.19668563763700447,0.29148283825281185,0.014981659655823711,0.034574795312056816,0.145842215867635,0.00257140152584512,0.00459219979126112,0.005522352150202074,0.0013040351628933855,0.0707396424265519,0.017661183963138885,0.008100809525130703,0.004134357015063343,0.10020773994530313
2024-11,0.2878,0.2906,0.2166,0.5535,0.0443,0.2846,0.1615,0.0303,6.2815,0.0315,1.4093,0.3663,0.4336,0.0067,0.107,0.0298,1.3505,0.3161,0.6445,1.0979,0.03247683817181623,0.040284050265498327,0.004794820000117649,0.0020406611753633406,0.0025076518521781398,0.019495110304304876,0.19668563763700447,0.29148283825281185,0.014981659655823711,0.034574795312056816,0.145842215867635,0.00257140152584512,0.00459219979126112,0.005522352150202074,0.0013040351628933855,0.0707396424265519,0.017661183963138885,0.008100809525130703,0.004134357015063343,0.10020773994530313
2024-12,0.3264,0.2969,0.213,0.4666,0.0434,0.2421,0.1776,0.0306,5.4973,0.0334,1.4815,0.336,0.4227,0.0088,0.0999,0.033,1.4845,0.277,0.6737,1.136,0.03247683817181623,0.040284050265498327,0.004794820000117649,0.0020406611753633406,0.0025076518521781398,0.019495110304304876,0.19668563763700447,0.29148283825281185,0.014981659655823711,0.034574795312056816,0.145842215867635,0.00257140152584512,0.00459219979126112,0.005522352150202074,0.0013040351628933855,0.0707396424265519,0.017661183963138885,0.008100809525130703,0.004134357015063343,0.10020773994530313
